trial,learning_rate,exploration_fraction,net_arch,activation_fn,buffer_size,exploration_final_eps,batch_size,target_update_interval,survival_rate,mean_return
164,0.0001,0.25,"[64, 64]",ReLU,25000,0.1,64,500,0.78,0.6981499999999999
35,5e-05,0.25,"[128, 128]",Tanh,100000,0.1,64,500,0.77,0.70215
187,0.0001,0.25,"[128, 128]",ReLU,100000,0.05,64,500,0.77,0.694775
178,0.0001,0.25,"[64, 64]",Tanh,100000,0.05,64,500,0.77,0.70045
75,5e-05,0.35,"[128, 128]",ReLU,50000,0.01,64,500,0.77,0.7026625
294,0.0001,0.45,"[128, 128]",ReLU,100000,0.01,64,500,0.77,0.6994874999999999
141,5e-05,0.45,"[128, 128]",Tanh,100000,0.01,64,500,0.77,0.705975
117,5e-05,0.45,"[64, 64]",Tanh,25000,0.01,64,500,0.77,0.7100874999999999
108,5e-05,0.45,"[64, 64]",ReLU,25000,0.01,64,500,0.765,0.706275
151,5e-05,0.45,"[256, 128]",ReLU,100000,0.05,64,500,0.765,0.693725
114,5e-05,0.45,"[64, 64]",ReLU,100000,0.01,64,500,0.765,0.7159
309,0.0001,0.45,"[256, 128]",ReLU,50000,0.01,64,500,0.76,0.6916625000000001
279,0.0001,0.45,"[64, 64]",Tanh,25000,0.01,64,500,0.76,0.6992375000000002
76,5e-05,0.35,"[128, 128]",ReLU,50000,0.05,64,500,0.76,0.70155
122,5e-05,0.45,"[64, 64]",Tanh,50000,0.1,64,500,0.76,0.7038499999999999
386,0.0003,0.35,"[64, 64]",ReLU,100000,0.1,64,500,0.76,0.686825
327,0.0003,0.25,"[64, 64]",ReLU,50000,0.01,64,500,0.755,0.6859999999999999
272,0.0001,0.45,"[64, 64]",ReLU,25000,0.1,64,500,0.755,0.6899625
267,0.0001,0.35,"[256, 128]",Tanh,100000,0.01,64,500,0.755,0.675725
328,0.0003,0.25,"[64, 64]",ReLU,50000,0.05,64,500,0.755,0.6750875
33,5e-05,0.25,"[128, 128]",Tanh,100000,0.01,64,500,0.755,0.698075
368,0.0003,0.25,"[256, 128]",ReLU,100000,0.1,64,500,0.755,0.662475
244,0.0001,0.35,"[128, 128]",Tanh,25000,0.05,64,500,0.755,0.670625
465,0.0003,0.45,"[128, 128]",Tanh,100000,0.01,64,500,0.755,0.6669624999999999
285,0.0001,0.45,"[64, 64]",Tanh,100000,0.01,64,500,0.75,0.6799875
39,5e-05,0.25,"[256, 128]",ReLU,50000,0.01,64,500,0.75,0.6693250000000001
2,5e-05,0.25,"[64, 64]",ReLU,25000,0.1,64,500,0.75,0.6888249999999999
145,5e-05,0.45,"[256, 128]",ReLU,25000,0.05,64,500,0.75,0.6742625000000001
388,0.0003,0.35,"[64, 64]",Tanh,25000,0.05,64,500,0.75,0.677175
284,0.0001,0.45,"[64, 64]",Tanh,50000,0.1,64,500,0.75,0.689075
256,0.0001,0.35,"[256, 128]",ReLU,50000,0.05,64,500,0.75,0.6821625
106,5e-05,0.35,"[256, 128]",Tanh,100000,0.05,64,500,0.75,0.67405
252,0.0001,0.35,"[256, 128]",ReLU,25000,0.01,64,500,0.75,0.672675
291,0.0001,0.45,"[128, 128]",ReLU,50000,0.01,64,500,0.75,0.6691374999999999
228,0.0001,0.35,"[64, 64]",Tanh,50000,0.01,64,500,0.75,0.6861375000000001
403,0.0003,0.35,"[128, 128]",ReLU,100000,0.05,64,500,0.745,0.6445375
238,0.0001,0.35,"[128, 128]",ReLU,50000,0.05,64,500,0.745,0.6764249999999999
148,5e-05,0.45,"[256, 128]",ReLU,50000,0.05,64,500,0.745,0.6708500000000001
245,0.0001,0.35,"[128, 128]",Tanh,25000,0.1,64,500,0.745,0.6807874999999999
83,5e-05,0.35,"[128, 128]",Tanh,25000,0.1,64,500,0.745,0.6785374999999999
266,0.0001,0.35,"[256, 128]",Tanh,50000,0.1,64,500,0.745,0.6588375
381,0.0003,0.35,"[64, 64]",ReLU,50000,0.01,64,500,0.745,0.6756875
273,0.0001,0.45,"[64, 64]",ReLU,50000,0.01,64,500,0.745,0.6844750000000001
104,5e-05,0.35,"[256, 128]",Tanh,50000,0.1,64,500,0.745,0.6717875000000001
335,0.0003,0.25,"[64, 64]",Tanh,25000,0.1,64,500,0.745,0.6660375
9,5e-05,0.25,"[64, 64]",Tanh,25000,0.01,64,500,0.745,0.6749125
167,0.0001,0.25,"[64, 64]",ReLU,50000,0.1,64,500,0.745,0.6928624999999999
301,0.0001,0.45,"[128, 128]",Tanh,50000,0.05,64,500,0.745,0.6437375
362,0.0003,0.25,"[256, 128]",ReLU,25000,0.1,64,500,0.745,0.653275
18,5e-05,0.25,"[128, 128]",ReLU,25000,0.01,64,500,0.745,0.6753999999999999
68,5e-05,0.35,"[64, 64]",Tanh,50000,0.1,64,500,0.745,0.6770750000000001
241,0.0001,0.35,"[128, 128]",ReLU,100000,0.05,64,500,0.745,0.6508125
204,0.0001,0.25,"[256, 128]",ReLU,100000,0.01,64,500,0.745,0.6733499999999999
101,5e-05,0.35,"[256, 128]",Tanh,25000,0.1,64,500,0.745,0.655025
105,5e-05,0.35,"[256, 128]",Tanh,100000,0.01,64,500,0.74,0.6567625000000001
428,0.0003,0.35,"[256, 128]",Tanh,50000,0.1,64,500,0.74,0.6200125
445,0.0003,0.45,"[64, 64]",Tanh,50000,0.05,64,500,0.74,0.6708124999999999
450,0.0003,0.45,"[128, 128]",ReLU,25000,0.01,64,500,0.74,0.650675
404,0.0003,0.35,"[128, 128]",ReLU,100000,0.1,64,500,0.74,0.6556375
359,0.0003,0.25,"[128, 128]",Tanh,100000,0.1,64,500,0.74,0.6683625000000001
367,0.0003,0.25,"[256, 128]",ReLU,100000,0.05,64,500,0.74,0.632625
210,0.0001,0.25,"[256, 128]",Tanh,50000,0.01,64,500,0.74,0.645625
168,0.0001,0.25,"[64, 64]",ReLU,100000,0.01,64,500,0.74,0.680725
419,0.0003,0.35,"[256, 128]",ReLU,50000,0.1,64,500,0.74,0.6747999999999998
162,0.0001,0.25,"[64, 64]",ReLU,25000,0.01,64,500,0.74,0.682825
82,5e-05,0.35,"[128, 128]",Tanh,25000,0.05,64,500,0.74,0.6686749999999999
73,5e-05,0.35,"[128, 128]",ReLU,25000,0.05,64,500,0.74,0.667625
48,5e-05,0.25,"[256, 128]",Tanh,50000,0.01,64,500,0.74,0.670575
14,5e-05,0.25,"[64, 64]",Tanh,50000,0.1,64,500,0.74,0.6742500000000001
383,0.0003,0.35,"[64, 64]",ReLU,50000,0.1,64,500,0.74,0.682575
10,5e-05,0.25,"[64, 64]",Tanh,25000,0.05,64,500,0.74,0.6901
318,0.0001,0.45,"[256, 128]",Tanh,50000,0.01,64,500,0.74,0.6603999999999999
298,0.0001,0.45,"[128, 128]",Tanh,25000,0.05,64,500,0.735,0.6636625
471,0.0003,0.45,"[256, 128]",ReLU,50000,0.01,64,500,0.735,0.6443000000000001
176,0.0001,0.25,"[64, 64]",Tanh,50000,0.1,64,500,0.735,0.658875
95,5e-05,0.35,"[256, 128]",ReLU,50000,0.1,64,500,0.735,0.655675
49,5e-05,0.25,"[256, 128]",Tanh,50000,0.05,64,500,0.735,0.6657500000000001
170,0.0001,0.25,"[64, 64]",ReLU,100000,0.1,64,500,0.735,0.6797875000000001
214,0.0001,0.25,"[256, 128]",Tanh,100000,0.05,64,500,0.735,0.6554125000000001
217,0.0001,0.35,"[64, 64]",ReLU,25000,0.05,64,500,0.735,0.6639750000000001
220,0.0001,0.35,"[64, 64]",ReLU,50000,0.05,64,500,0.735,0.6734125
87,5e-05,0.35,"[128, 128]",Tanh,100000,0.01,64,500,0.735,0.6556000000000001
121,5e-05,0.45,"[64, 64]",Tanh,50000,0.05,64,500,0.735,0.6603874999999999
27,5e-05,0.25,"[128, 128]",Tanh,25000,0.01,64,500,0.735,0.6789750000000001
432,0.0003,0.45,"[64, 64]",ReLU,25000,0.01,64,500,0.735,0.6667125
240,0.0001,0.35,"[128, 128]",ReLU,100000,0.01,64,500,0.735,0.6601
261,0.0001,0.35,"[256, 128]",Tanh,25000,0.01,64,500,0.735,0.6663875
136,5e-05,0.45,"[128, 128]",Tanh,25000,0.05,64,500,0.735,0.6753125
144,5e-05,0.45,"[256, 128]",ReLU,25000,0.01,64,500,0.735,0.6569125
8,5e-05,0.25,"[64, 64]",ReLU,100000,0.1,64,500,0.735,0.6669749999999999
152,5e-05,0.45,"[256, 128]",ReLU,100000,0.1,64,500,0.735,0.6554875
380,0.0003,0.35,"[64, 64]",ReLU,25000,0.1,64,500,0.735,0.657
234,0.0001,0.35,"[128, 128]",ReLU,25000,0.01,64,500,0.735,0.6748875000000001
192,0.0001,0.25,"[128, 128]",Tanh,50000,0.01,64,500,0.735,0.6586625
227,0.0001,0.35,"[64, 64]",Tanh,25000,0.1,64,500,0.735,0.664825
346,0.0003,0.25,"[128, 128]",ReLU,50000,0.05,64,500,0.735,0.6570125
444,0.0003,0.45,"[64, 64]",Tanh,50000,0.01,64,500,0.73,0.6758500000000001
185,0.0001,0.25,"[128, 128]",ReLU,50000,0.1,64,500,0.73,0.66145
23,5e-05,0.25,"[128, 128]",ReLU,50000,0.1,64,500,0.73,0.6496000000000001
182,0.0001,0.25,"[128, 128]",ReLU,25000,0.1,64,500,0.73,0.6589750000000001
293,0.0001,0.45,"[128, 128]",ReLU,50000,0.1,64,500,0.73,0.6535375000000001
295,0.0001,0.45,"[128, 128]",ReLU,100000,0.05,64,500,0.73,0.6686375
434,0.0003,0.45,"[64, 64]",ReLU,25000,0.1,64,500,0.73,0.6598499999999998
169,0.0001,0.25,"[64, 64]",ReLU,100000,0.05,64,500,0.73,0.6482499999999999
311,0.0001,0.45,"[256, 128]",ReLU,50000,0.1,64,500,0.73,0.6677125
142,5e-05,0.45,"[128, 128]",Tanh,100000,0.05,64,500,0.73,0.6543625
180,0.0001,0.25,"[128, 128]",ReLU,25000,0.01,64,500,0.73,0.6583125
288,0.0001,0.45,"[128, 128]",ReLU,25000,0.01,64,500,0.73,0.6724625000000001
5,5e-05,0.25,"[64, 64]",ReLU,50000,0.1,64,500,0.73,0.653425
154,5e-05,0.45,"[256, 128]",Tanh,25000,0.05,64,500,0.73,0.6416499999999999
181,0.0001,0.25,"[128, 128]",ReLU,25000,0.05,64,500,0.73,0.6574875
372,0.0003,0.25,"[256, 128]",Tanh,50000,0.01,64,500,0.73,0.6357875000000001
447,0.0003,0.45,"[64, 64]",Tanh,100000,0.01,64,500,0.73,0.6468375000000001
393,0.0003,0.35,"[64, 64]",Tanh,100000,0.01,64,500,0.73,0.6547875000000001
246,0.0001,0.35,"[128, 128]",Tanh,50000,0.01,64,500,0.73,0.66635
71,5e-05,0.35,"[64, 64]",Tanh,100000,0.1,64,500,0.73,0.6665375
461,0.0003,0.45,"[128, 128]",Tanh,25000,0.1,64,500,0.73,0.6519625000000001
463,0.0003,0.45,"[128, 128]",Tanh,50000,0.05,64,500,0.73,0.643625
464,0.0003,0.45,"[128, 128]",Tanh,50000,0.1,64,500,0.73,0.6253125
81,5e-05,0.35,"[128, 128]",Tanh,25000,0.01,64,500,0.73,0.654725
253,0.0001,0.35,"[256, 128]",ReLU,25000,0.05,64,500,0.73,0.6674875
211,0.0001,0.25,"[256, 128]",Tanh,50000,0.05,64,500,0.73,0.6579875
47,5e-05,0.25,"[256, 128]",Tanh,25000,0.1,64,500,0.73,0.6489875
215,0.0001,0.25,"[256, 128]",Tanh,100000,0.1,64,500,0.73,0.65165
351,0.0003,0.25,"[128, 128]",Tanh,25000,0.01,64,500,0.73,0.6527124999999999
271,0.0001,0.45,"[64, 64]",ReLU,25000,0.05,64,500,0.73,0.6526375
40,5e-05,0.25,"[256, 128]",ReLU,50000,0.05,64,500,0.73,0.6683374999999999
457,0.0003,0.45,"[128, 128]",ReLU,100000,0.05,64,500,0.73,0.6088875
392,0.0003,0.35,"[64, 64]",Tanh,50000,0.1,64,500,0.73,0.6477375000000001
391,0.0003,0.35,"[64, 64]",Tanh,50000,0.05,64,500,0.73,0.6700499999999999
99,5e-05,0.35,"[256, 128]",Tanh,25000,0.01,64,500,0.73,0.6586500000000001
286,0.0001,0.45,"[64, 64]",Tanh,100000,0.05,64,500,0.725,0.667925
316,0.0001,0.45,"[256, 128]",Tanh,25000,0.05,64,500,0.725,0.6369374999999999
324,0.0003,0.25,"[64, 64]",ReLU,25000,0.01,64,500,0.725,0.64825
183,0.0001,0.25,"[128, 128]",ReLU,50000,0.01,64,500,0.725,0.6525375
247,0.0001,0.35,"[128, 128]",Tanh,50000,0.05,64,500,0.725,0.6430750000000001
229,0.0001,0.35,"[64, 64]",Tanh,50000,0.05,64,500,0.725,0.6296
387,0.0003,0.35,"[64, 64]",Tanh,25000,0.01,64,500,0.725,0.66
299,0.0001,0.45,"[128, 128]",Tanh,25000,0.1,64,500,0.725,0.6574374999999999
334,0.0003,0.25,"[64, 64]",Tanh,25000,0.05,64,500,0.725,0.649375
248,0.0001,0.35,"[128, 128]",Tanh,50000,0.1,64,500,0.725,0.6578499999999999
163,0.0001,0.25,"[64, 64]",ReLU,25000,0.05,64,500,0.725,0.6561875
260,0.0001,0.35,"[256, 128]",ReLU,100000,0.1,64,500,0.725,0.6458625000000001
376,0.0003,0.25,"[256, 128]",Tanh,100000,0.05,64,500,0.725,0.6332
320,0.0001,0.45,"[256, 128]",Tanh,50000,0.1,64,500,0.725,0.6384375
212,0.0001,0.25,"[256, 128]",Tanh,50000,0.1,64,500,0.725,0.6558125
149,5e-05,0.45,"[256, 128]",ReLU,50000,0.1,64,500,0.725,0.6602750000000001
157,5e-05,0.45,"[256, 128]",Tanh,50000,0.05,64,500,0.725,0.6581375
38,5e-05,0.25,"[256, 128]",ReLU,25000,0.1,64,500,0.725,0.6502625000000001
365,0.0003,0.25,"[256, 128]",ReLU,50000,0.1,64,500,0.725,0.6542500000000001
66,5e-05,0.35,"[64, 64]",Tanh,50000,0.01,64,500,0.725,0.6571750000000001
132,5e-05,0.45,"[128, 128]",ReLU,100000,0.01,64,500,0.725,0.6514500000000001
126,5e-05,0.45,"[128, 128]",ReLU,25000,0.01,64,500,0.725,0.6686
63,5e-05,0.35,"[64, 64]",Tanh,25000,0.01,64,500,0.725,0.66605
128,5e-05,0.45,"[128, 128]",ReLU,25000,0.1,64,500,0.725,0.6435875000000002
97,5e-05,0.35,"[256, 128]",ReLU,100000,0.05,64,500,0.725,0.64425
26,5e-05,0.25,"[128, 128]",ReLU,100000,0.1,64,500,0.725,0.6569125
213,0.0001,0.25,"[256, 128]",Tanh,100000,0.01,64,500,0.72,0.6339374999999999
91,5e-05,0.35,"[256, 128]",ReLU,25000,0.05,64,500,0.72,0.6625500000000001
94,5e-05,0.35,"[256, 128]",ReLU,50000,0.05,64,500,0.72,0.6450499999999999
146,5e-05,0.45,"[256, 128]",ReLU,25000,0.1,64,500,0.72,0.6424375000000001
399,0.0003,0.35,"[128, 128]",ReLU,50000,0.01,64,500,0.72,0.63615
72,5e-05,0.35,"[128, 128]",ReLU,25000,0.01,64,500,0.72,0.6711875
323,0.0001,0.45,"[256, 128]",Tanh,100000,0.1,64,500,0.72,0.6442625
206,0.0001,0.25,"[256, 128]",ReLU,100000,0.1,64,500,0.72,0.656875
239,0.0001,0.35,"[128, 128]",ReLU,50000,0.1,64,500,0.72,0.6300125000000001
201,0.0001,0.25,"[256, 128]",ReLU,50000,0.01,64,500,0.72,0.6420875000000001
438,0.0003,0.45,"[64, 64]",ReLU,100000,0.01,64,500,0.72,0.6406624999999999
254,0.0001,0.35,"[256, 128]",ReLU,25000,0.1,64,500,0.72,0.643725
58,5e-05,0.35,"[64, 64]",ReLU,50000,0.05,64,500,0.72,0.6669874999999998
250,0.0001,0.35,"[128, 128]",Tanh,100000,0.05,64,500,0.72,0.6272375
427,0.0003,0.35,"[256, 128]",Tanh,50000,0.05,64,500,0.72,0.6007875
349,0.0003,0.25,"[128, 128]",ReLU,100000,0.05,64,500,0.72,0.620675
258,0.0001,0.35,"[256, 128]",ReLU,100000,0.01,64,500,0.72,0.6412125000000001
259,0.0001,0.35,"[256, 128]",ReLU,100000,0.05,64,500,0.72,0.6453375
52,5e-05,0.25,"[256, 128]",Tanh,100000,0.05,64,500,0.72,0.6417125
265,0.0001,0.35,"[256, 128]",Tanh,50000,0.05,64,500,0.72,0.6475
322,0.0001,0.45,"[256, 128]",Tanh,100000,0.05,64,500,0.72,0.6435499999999998
280,0.0001,0.45,"[64, 64]",Tanh,25000,0.05,64,500,0.72,0.6636375000000001
283,0.0001,0.45,"[64, 64]",Tanh,50000,0.05,64,500,0.72,0.648175
30,5e-05,0.25,"[128, 128]",Tanh,50000,0.01,64,500,0.72,0.6501124999999999
354,0.0003,0.25,"[128, 128]",Tanh,50000,0.01,64,500,0.72,0.6377625
379,0.0003,0.35,"[64, 64]",ReLU,25000,0.05,64,500,0.72,0.642975
15,5e-05,0.25,"[64, 64]",Tanh,100000,0.01,64,500,0.72,0.6584
425,0.0003,0.35,"[256, 128]",Tanh,25000,0.1,64,500,0.72,0.62895
402,0.0003,0.35,"[128, 128]",ReLU,100000,0.01,64,500,0.72,0.6583625
0,5e-05,0.25,"[64, 64]",ReLU,25000,0.01,64,500,0.72,0.6624500000000001
116,5e-05,0.45,"[64, 64]",ReLU,100000,0.1,64,500,0.72,0.6595624999999999
441,0.0003,0.45,"[64, 64]",Tanh,25000,0.01,64,500,0.72,0.6408125
115,5e-05,0.45,"[64, 64]",ReLU,100000,0.05,64,500,0.72,0.6480374999999999
166,0.0001,0.25,"[64, 64]",ReLU,50000,0.05,64,500,0.72,0.6577875
125,5e-05,0.45,"[64, 64]",Tanh,100000,0.1,64,500,0.72,0.6448125
174,0.0001,0.25,"[64, 64]",Tanh,50000,0.01,64,500,0.72,0.65345
333,0.0003,0.25,"[64, 64]",Tanh,25000,0.01,64,500,0.72,0.6562125000000001
1,5e-05,0.25,"[64, 64]",ReLU,25000,0.05,64,500,0.715,0.6628000000000001
460,0.0003,0.45,"[128, 128]",Tanh,25000,0.05,64,500,0.715,0.6254875
130,5e-05,0.45,"[128, 128]",ReLU,50000,0.05,64,500,0.715,0.64955
249,0.0001,0.35,"[128, 128]",Tanh,100000,0.01,64,500,0.715,0.6203375000000001
242,0.0001,0.35,"[128, 128]",ReLU,100000,0.1,64,500,0.715,0.6354625
111,5e-05,0.45,"[64, 64]",ReLU,50000,0.01,64,500,0.715,0.664375
433,0.0003,0.45,"[64, 64]",ReLU,25000,0.05,64,500,0.715,0.646575
133,5e-05,0.45,"[128, 128]",ReLU,100000,0.05,64,500,0.715,0.6429124999999999
394,0.0003,0.35,"[64, 64]",Tanh,100000,0.05,64,500,0.715,0.6514375
400,0.0003,0.35,"[128, 128]",ReLU,50000,0.05,64,500,0.715,0.6468125
470,0.0003,0.45,"[256, 128]",ReLU,25000,0.1,64,500,0.715,0.6239374999999999
472,0.0003,0.45,"[256, 128]",ReLU,50000,0.05,64,500,0.715,0.62175
43,5e-05,0.25,"[256, 128]",ReLU,100000,0.05,64,500,0.715,0.6375875
226,0.0001,0.35,"[64, 64]",Tanh,25000,0.05,64,500,0.715,0.6463374999999999
42,5e-05,0.25,"[256, 128]",ReLU,100000,0.01,64,500,0.715,0.6420750000000001
308,0.0001,0.45,"[256, 128]",ReLU,25000,0.1,64,500,0.715,0.6487875
7,5e-05,0.25,"[64, 64]",ReLU,100000,0.05,64,500,0.715,0.6533875
483,0.0003,0.45,"[256, 128]",Tanh,100000,0.01,64,500,0.715,0.6213124999999999
303,0.0001,0.45,"[128, 128]",Tanh,100000,0.01,64,500,0.715,0.637725
361,0.0003,0.25,"[256, 128]",ReLU,25000,0.05,64,500,0.715,0.6186
481,0.0003,0.45,"[256, 128]",Tanh,50000,0.05,64,500,0.715,0.6590125
439,0.0003,0.45,"[64, 64]",ReLU,100000,0.05,64,500,0.715,0.6285499999999999
385,0.0003,0.35,"[64, 64]",ReLU,100000,0.05,64,500,0.715,0.6693625
140,5e-05,0.45,"[128, 128]",Tanh,50000,0.1,64,500,0.715,0.65425
138,5e-05,0.45,"[128, 128]",Tanh,50000,0.01,64,500,0.715,0.6594625
282,0.0001,0.45,"[64, 64]",Tanh,50000,0.01,64,500,0.715,0.6493625000000001
34,5e-05,0.25,"[128, 128]",Tanh,100000,0.05,64,500,0.715,0.6591499999999999
37,5e-05,0.25,"[256, 128]",ReLU,25000,0.05,64,500,0.715,0.6502625000000001
378,0.0003,0.35,"[64, 64]",ReLU,25000,0.01,64,500,0.715,0.654375
41,5e-05,0.25,"[256, 128]",ReLU,50000,0.1,64,500,0.715,0.6466624999999999
74,5e-05,0.35,"[128, 128]",ReLU,25000,0.1,64,500,0.715,0.6498999999999999
186,0.0001,0.25,"[128, 128]",ReLU,100000,0.01,64,500,0.715,0.6354875000000001
131,5e-05,0.45,"[128, 128]",ReLU,50000,0.1,64,500,0.715,0.641875
448,0.0003,0.45,"[64, 64]",Tanh,100000,0.05,64,500,0.715,0.635775
343,0.0003,0.25,"[128, 128]",ReLU,25000,0.05,64,500,0.715,0.638475
124,5e-05,0.45,"[64, 64]",Tanh,100000,0.05,64,500,0.715,0.6576499999999998
449,0.0003,0.45,"[64, 64]",Tanh,100000,0.1,64,500,0.715,0.6426499999999998
330,0.0003,0.25,"[64, 64]",ReLU,100000,0.01,64,500,0.715,0.6341625000000001
423,0.0003,0.35,"[256, 128]",Tanh,25000,0.01,64,500,0.715,0.6153375
112,5e-05,0.45,"[64, 64]",ReLU,50000,0.05,64,500,0.715,0.6682625
342,0.0003,0.25,"[128, 128]",ReLU,25000,0.01,64,500,0.715,0.6472625
484,0.0003,0.45,"[256, 128]",Tanh,100000,0.05,64,500,0.71,0.62125
195,0.0001,0.25,"[128, 128]",Tanh,100000,0.01,64,500,0.71,0.6320625
46,5e-05,0.25,"[256, 128]",Tanh,25000,0.05,64,500,0.71,0.6393
207,0.0001,0.25,"[256, 128]",Tanh,25000,0.01,64,500,0.71,0.6328750000000001
269,0.0001,0.35,"[256, 128]",Tanh,100000,0.1,64,500,0.71,0.6569749999999999
375,0.0003,0.25,"[256, 128]",Tanh,100000,0.01,64,500,0.71,0.6111125
158,5e-05,0.45,"[256, 128]",Tanh,50000,0.1,64,500,0.71,0.6423875
3,5e-05,0.25,"[64, 64]",ReLU,50000,0.01,64,500,0.71,0.652825
276,0.0001,0.45,"[64, 64]",ReLU,100000,0.01,64,500,0.71,0.6244375
6,5e-05,0.25,"[64, 64]",ReLU,100000,0.01,64,500,0.71,0.655775
200,0.0001,0.25,"[256, 128]",ReLU,25000,0.1,64,500,0.71,0.641225
390,0.0003,0.35,"[64, 64]",Tanh,50000,0.01,64,500,0.71,0.6260375
156,5e-05,0.45,"[256, 128]",Tanh,50000,0.01,64,500,0.71,0.6450625
307,0.0001,0.45,"[256, 128]",ReLU,25000,0.05,64,500,0.71,0.63405
198,0.0001,0.25,"[256, 128]",ReLU,25000,0.01,64,500,0.71,0.633975
340,0.0003,0.25,"[64, 64]",Tanh,100000,0.05,64,500,0.71,0.6416624999999999
440,0.0003,0.45,"[64, 64]",ReLU,100000,0.1,64,500,0.71,0.6091500000000001
352,0.0003,0.25,"[128, 128]",Tanh,25000,0.05,64,500,0.71,0.622325
153,5e-05,0.45,"[256, 128]",Tanh,25000,0.01,64,500,0.71,0.6297375
264,0.0001,0.35,"[256, 128]",Tanh,50000,0.01,64,500,0.71,0.6484375
289,0.0001,0.45,"[128, 128]",ReLU,25000,0.05,64,500,0.71,0.6446249999999999
25,5e-05,0.25,"[128, 128]",ReLU,100000,0.05,64,500,0.71,0.6486500000000001
24,5e-05,0.25,"[128, 128]",ReLU,100000,0.01,64,500,0.71,0.6397250000000001
355,0.0003,0.25,"[128, 128]",Tanh,50000,0.05,64,500,0.71,0.6330125
477,0.0003,0.45,"[256, 128]",Tanh,25000,0.01,64,500,0.71,0.6405250000000001
20,5e-05,0.25,"[128, 128]",ReLU,25000,0.1,64,500,0.71,0.6484375
19,5e-05,0.25,"[128, 128]",ReLU,25000,0.05,64,500,0.71,0.6472874999999999
190,0.0001,0.25,"[128, 128]",Tanh,25000,0.05,64,500,0.71,0.6289125
225,0.0001,0.35,"[64, 64]",Tanh,25000,0.01,64,500,0.71,0.6559875
251,0.0001,0.35,"[128, 128]",Tanh,100000,0.1,64,500,0.71,0.6412125000000001
366,0.0003,0.25,"[256, 128]",ReLU,100000,0.01,64,500,0.71,0.6277875
173,0.0001,0.25,"[64, 64]",Tanh,25000,0.1,64,500,0.71,0.6426375
456,0.0003,0.45,"[128, 128]",ReLU,100000,0.01,64,500,0.71,0.6214749999999999
369,0.0003,0.25,"[256, 128]",Tanh,25000,0.01,64,500,0.71,0.6127375
67,5e-05,0.35,"[64, 64]",Tanh,50000,0.05,64,500,0.71,0.6489
171,0.0001,0.25,"[64, 64]",Tanh,25000,0.01,64,500,0.71,0.6474625
345,0.0003,0.25,"[128, 128]",ReLU,50000,0.01,64,500,0.71,0.631825
129,5e-05,0.45,"[128, 128]",ReLU,50000,0.01,64,500,0.71,0.6464
459,0.0003,0.45,"[128, 128]",Tanh,25000,0.01,64,500,0.71,0.606075
326,0.0003,0.25,"[64, 64]",ReLU,25000,0.1,64,500,0.71,0.6474000000000001
86,5e-05,0.35,"[128, 128]",Tanh,50000,0.1,64,500,0.71,0.617
398,0.0003,0.35,"[128, 128]",ReLU,25000,0.1,64,500,0.71,0.6277875
85,5e-05,0.35,"[128, 128]",Tanh,50000,0.05,64,500,0.71,0.6278125
70,5e-05,0.35,"[64, 64]",Tanh,100000,0.05,64,500,0.71,0.64235
123,5e-05,0.45,"[64, 64]",Tanh,100000,0.01,64,500,0.71,0.6470875
230,0.0001,0.35,"[64, 64]",Tanh,50000,0.1,64,500,0.71,0.6349750000000001
51,5e-05,0.25,"[256, 128]",Tanh,100000,0.01,64,500,0.71,0.6169625
257,0.0001,0.35,"[256, 128]",ReLU,50000,0.1,64,500,0.71,0.6372125
161,5e-05,0.45,"[256, 128]",Tanh,100000,0.1,64,500,0.71,0.6285624999999999
255,0.0001,0.35,"[256, 128]",ReLU,50000,0.01,64,500,0.71,0.63265
177,0.0001,0.25,"[64, 64]",Tanh,100000,0.01,64,500,0.705,0.6274249999999999
78,5e-05,0.35,"[128, 128]",ReLU,100000,0.01,64,500,0.705,0.6348
4,5e-05,0.25,"[64, 64]",ReLU,50000,0.05,64,500,0.705,0.646925
310,0.0001,0.45,"[256, 128]",ReLU,50000,0.05,64,500,0.705,0.63605
336,0.0003,0.25,"[64, 64]",Tanh,50000,0.01,64,500,0.705,0.6486375
339,0.0003,0.25,"[64, 64]",Tanh,100000,0.01,64,500,0.705,0.6260125
84,5e-05,0.35,"[128, 128]",Tanh,50000,0.01,64,500,0.705,0.6446999999999999
332,0.0003,0.25,"[64, 64]",ReLU,100000,0.1,64,500,0.705,0.6433374999999999
300,0.0001,0.45,"[128, 128]",Tanh,50000,0.01,64,500,0.705,0.6414000000000002
384,0.0003,0.35,"[64, 64]",ReLU,100000,0.01,64,500,0.705,0.64005
426,0.0003,0.35,"[256, 128]",Tanh,50000,0.01,64,500,0.705,0.634225
263,0.0001,0.35,"[256, 128]",Tanh,25000,0.1,64,500,0.705,0.6386875000000001
89,5e-05,0.35,"[128, 128]",Tanh,100000,0.1,64,500,0.705,0.6184875000000001
120,5e-05,0.45,"[64, 64]",Tanh,50000,0.01,64,500,0.705,0.6444249999999999
458,0.0003,0.45,"[128, 128]",ReLU,100000,0.1,64,500,0.705,0.6174125
408,0.0003,0.35,"[128, 128]",Tanh,50000,0.01,64,500,0.705,0.659625
475,0.0003,0.45,"[256, 128]",ReLU,100000,0.05,64,500,0.705,0.6099
90,5e-05,0.35,"[256, 128]",ReLU,25000,0.01,64,500,0.705,0.628775
216,0.0001,0.35,"[64, 64]",ReLU,25000,0.01,64,500,0.705,0.640625
314,0.0001,0.45,"[256, 128]",ReLU,100000,0.1,64,500,0.705,0.6253375000000001
466,0.0003,0.45,"[128, 128]",Tanh,100000,0.05,64,500,0.705,0.62325
412,0.0003,0.35,"[128, 128]",Tanh,100000,0.05,64,500,0.705,0.6423875000000001
411,0.0003,0.35,"[128, 128]",Tanh,100000,0.01,64,500,0.705,0.6221375
102,5e-05,0.35,"[256, 128]",Tanh,50000,0.01,64,500,0.705,0.6357
79,5e-05,0.35,"[128, 128]",ReLU,100000,0.05,64,500,0.705,0.628675
134,5e-05,0.45,"[128, 128]",ReLU,100000,0.1,64,500,0.705,0.63765
409,0.0003,0.35,"[128, 128]",Tanh,50000,0.05,64,500,0.705,0.6165
344,0.0003,0.25,"[128, 128]",ReLU,25000,0.1,64,500,0.7,0.6222375
370,0.0003,0.25,"[256, 128]",Tanh,25000,0.05,64,500,0.7,0.621125
429,0.0003,0.35,"[256, 128]",Tanh,100000,0.01,64,500,0.7,0.61005
313,0.0001,0.45,"[256, 128]",ReLU,100000,0.05,64,500,0.7,0.612525
453,0.0003,0.45,"[128, 128]",ReLU,50000,0.01,64,500,0.7,0.6155124999999999
312,0.0001,0.45,"[256, 128]",ReLU,100000,0.01,64,500,0.7,0.6171
446,0.0003,0.45,"[64, 64]",Tanh,50000,0.1,64,500,0.7,0.631125
110,5e-05,0.45,"[64, 64]",ReLU,25000,0.1,64,500,0.7,0.6456125
98,5e-05,0.35,"[256, 128]",ReLU,100000,0.1,64,500,0.7,0.6207249999999999
452,0.0003,0.45,"[128, 128]",ReLU,25000,0.1,64,500,0.7,0.6005375
92,5e-05,0.35,"[256, 128]",ReLU,25000,0.1,64,500,0.7,0.63625
88,5e-05,0.35,"[128, 128]",Tanh,100000,0.05,64,500,0.7,0.6275875000000001
77,5e-05,0.35,"[128, 128]",ReLU,50000,0.1,64,500,0.7,0.633175
159,5e-05,0.45,"[256, 128]",Tanh,100000,0.01,64,500,0.7,0.6362249999999999
57,5e-05,0.35,"[64, 64]",ReLU,50000,0.01,64,500,0.7,0.6490375
36,5e-05,0.25,"[256, 128]",ReLU,25000,0.01,64,500,0.7,0.6466249999999999
476,0.0003,0.45,"[256, 128]",ReLU,100000,0.1,64,500,0.7,0.61825
29,5e-05,0.25,"[128, 128]",Tanh,25000,0.1,64,500,0.7,0.6296125
28,5e-05,0.25,"[128, 128]",Tanh,25000,0.05,64,500,0.7,0.6380750000000001
22,5e-05,0.25,"[128, 128]",ReLU,50000,0.05,64,500,0.7,0.6233500000000001
13,5e-05,0.25,"[64, 64]",Tanh,50000,0.05,64,500,0.7,0.6398000000000001
437,0.0003,0.45,"[64, 64]",ReLU,50000,0.1,64,500,0.7,0.6374000000000001
137,5e-05,0.45,"[128, 128]",Tanh,25000,0.1,64,500,0.7,0.620675
360,0.0003,0.25,"[256, 128]",ReLU,25000,0.01,64,500,0.7,0.6118875
275,0.0001,0.45,"[64, 64]",ReLU,50000,0.1,64,500,0.7,0.6208374999999999
188,0.0001,0.25,"[128, 128]",ReLU,100000,0.1,64,500,0.7,0.623225
382,0.0003,0.35,"[64, 64]",ReLU,50000,0.05,64,500,0.7,0.6230499999999999
424,0.0003,0.35,"[256, 128]",Tanh,25000,0.05,64,500,0.7,0.61655
421,0.0003,0.35,"[256, 128]",ReLU,100000,0.05,64,500,0.7,0.6065125
304,0.0001,0.45,"[128, 128]",Tanh,100000,0.05,64,500,0.7,0.6214500000000001
209,0.0001,0.25,"[256, 128]",Tanh,25000,0.1,64,500,0.7,0.6102250000000001
297,0.0001,0.45,"[128, 128]",Tanh,25000,0.01,64,500,0.7,0.6284000000000001
224,0.0001,0.35,"[64, 64]",ReLU,100000,0.1,64,500,0.7,0.6249125
430,0.0003,0.35,"[256, 128]",Tanh,100000,0.05,64,500,0.7,0.591425
395,0.0003,0.35,"[64, 64]",Tanh,100000,0.1,64,500,0.7,0.6540625
290,0.0001,0.45,"[128, 128]",ReLU,25000,0.1,64,500,0.7,0.630625
270,0.0001,0.45,"[64, 64]",ReLU,25000,0.01,64,500,0.7,0.6376
479,0.0003,0.45,"[256, 128]",Tanh,25000,0.1,64,500,0.695,0.6087375
364,0.0003,0.25,"[256, 128]",ReLU,50000,0.05,64,500,0.695,0.6136125
436,0.0003,0.45,"[64, 64]",ReLU,50000,0.05,64,500,0.695,0.630075
468,0.0003,0.45,"[256, 128]",ReLU,25000,0.01,64,500,0.695,0.6064750000000001
406,0.0003,0.35,"[128, 128]",Tanh,25000,0.05,64,500,0.695,0.622375
407,0.0003,0.35,"[128, 128]",Tanh,25000,0.1,64,500,0.695,0.62005
451,0.0003,0.45,"[128, 128]",ReLU,25000,0.05,64,500,0.695,0.6190375
410,0.0003,0.35,"[128, 128]",Tanh,50000,0.1,64,500,0.695,0.6098
443,0.0003,0.45,"[64, 64]",Tanh,25000,0.1,64,500,0.695,0.604225
397,0.0003,0.35,"[128, 128]",ReLU,25000,0.05,64,500,0.695,0.6193500000000001
243,0.0001,0.35,"[128, 128]",Tanh,25000,0.01,64,500,0.695,0.6063500000000001
358,0.0003,0.25,"[128, 128]",Tanh,100000,0.05,64,500,0.695,0.579225
147,5e-05,0.45,"[256, 128]",ReLU,50000,0.01,64,500,0.695,0.62335
235,0.0001,0.35,"[128, 128]",ReLU,25000,0.05,64,500,0.695,0.6306875000000001
205,0.0001,0.25,"[256, 128]",ReLU,100000,0.05,64,500,0.695,0.624225
199,0.0001,0.25,"[256, 128]",ReLU,25000,0.05,64,500,0.695,0.6044125
357,0.0003,0.25,"[128, 128]",Tanh,100000,0.01,64,500,0.695,0.6330500000000001
194,0.0001,0.25,"[128, 128]",Tanh,50000,0.1,64,500,0.695,0.6294375
193,0.0001,0.25,"[128, 128]",Tanh,50000,0.05,64,500,0.695,0.626125
184,0.0001,0.25,"[128, 128]",ReLU,50000,0.05,64,500,0.695,0.614225
155,5e-05,0.45,"[256, 128]",Tanh,25000,0.1,64,500,0.695,0.626625
150,5e-05,0.45,"[256, 128]",ReLU,100000,0.01,64,500,0.695,0.6216124999999999
118,5e-05,0.45,"[64, 64]",Tanh,25000,0.05,64,500,0.695,0.6425624999999999
305,0.0001,0.45,"[128, 128]",Tanh,100000,0.1,64,500,0.695,0.6149875
113,5e-05,0.45,"[64, 64]",ReLU,50000,0.1,64,500,0.695,0.6231749999999999
100,5e-05,0.35,"[256, 128]",Tanh,25000,0.05,64,500,0.695,0.6297375
96,5e-05,0.35,"[256, 128]",ReLU,100000,0.01,64,500,0.695,0.6273500000000001
93,5e-05,0.35,"[256, 128]",ReLU,50000,0.01,64,500,0.695,0.6261875
62,5e-05,0.35,"[64, 64]",ReLU,100000,0.1,64,500,0.695,0.6272250000000001
50,5e-05,0.25,"[256, 128]",Tanh,50000,0.1,64,500,0.695,0.6242625
45,5e-05,0.25,"[256, 128]",Tanh,25000,0.01,64,500,0.695,0.6288125
44,5e-05,0.25,"[256, 128]",ReLU,100000,0.1,64,500,0.695,0.6205375
21,5e-05,0.25,"[128, 128]",ReLU,50000,0.01,64,500,0.695,0.6282875
278,0.0001,0.45,"[64, 64]",ReLU,100000,0.1,64,500,0.695,0.617125
485,0.0003,0.45,"[256, 128]",Tanh,100000,0.1,64,500,0.695,0.601575
341,0.0003,0.25,"[64, 64]",Tanh,100000,0.1,64,500,0.695,0.6250249999999999
331,0.0003,0.25,"[64, 64]",ReLU,100000,0.05,64,500,0.695,0.5990625
337,0.0003,0.25,"[64, 64]",Tanh,50000,0.05,64,500,0.695,0.6286125000000001
350,0.0003,0.25,"[128, 128]",ReLU,100000,0.1,64,500,0.695,0.6015
69,5e-05,0.35,"[64, 64]",Tanh,100000,0.01,64,500,0.69,0.6183874999999999
172,0.0001,0.25,"[64, 64]",Tanh,25000,0.05,64,500,0.69,0.6210625000000001
64,5e-05,0.35,"[64, 64]",Tanh,25000,0.05,64,500,0.69,0.6303
222,0.0001,0.35,"[64, 64]",ReLU,100000,0.01,64,500,0.69,0.6074875
417,0.0003,0.35,"[256, 128]",ReLU,50000,0.01,64,500,0.69,0.6255375
232,0.0001,0.35,"[64, 64]",Tanh,100000,0.05,64,500,0.69,0.6179875
175,0.0001,0.25,"[64, 64]",Tanh,50000,0.05,64,500,0.69,0.6232875
16,5e-05,0.25,"[64, 64]",Tanh,100000,0.05,64,500,0.69,0.62205
12,5e-05,0.25,"[64, 64]",Tanh,50000,0.01,64,500,0.69,0.6358875
165,0.0001,0.25,"[64, 64]",ReLU,50000,0.01,64,500,0.69,0.6359125
306,0.0001,0.45,"[256, 128]",ReLU,25000,0.01,64,500,0.69,0.6118875
11,5e-05,0.25,"[64, 64]",Tanh,25000,0.1,64,500,0.69,0.6238125
292,0.0001,0.45,"[128, 128]",ReLU,50000,0.05,64,500,0.69,0.6142624999999999
191,0.0001,0.25,"[128, 128]",Tanh,25000,0.1,64,500,0.685,0.6091875
377,0.0003,0.25,"[256, 128]",Tanh,100000,0.1,64,500,0.685,0.610825
347,0.0003,0.25,"[128, 128]",ReLU,50000,0.1,64,500,0.685,0.590625
422,0.0003,0.35,"[256, 128]",ReLU,100000,0.1,64,500,0.685,0.5808875
119,5e-05,0.45,"[64, 64]",Tanh,25000,0.1,64,500,0.685,0.6256
329,0.0003,0.25,"[64, 64]",ReLU,50000,0.1,64,500,0.685,0.605475
103,5e-05,0.35,"[256, 128]",Tanh,50000,0.05,64,500,0.685,0.6265
179,0.0001,0.25,"[64, 64]",Tanh,100000,0.1,64,500,0.685,0.6070125000000001
338,0.0003,0.25,"[64, 64]",Tanh,50000,0.1,64,500,0.685,0.6226999999999999
321,0.0001,0.45,"[256, 128]",Tanh,100000,0.01,64,500,0.685,0.6107250000000001
196,0.0001,0.25,"[128, 128]",Tanh,100000,0.05,64,500,0.685,0.6082500000000001
80,5e-05,0.35,"[128, 128]",ReLU,100000,0.1,64,500,0.685,0.6095375
454,0.0003,0.45,"[128, 128]",ReLU,50000,0.05,64,500,0.685,0.5932999999999999
281,0.0001,0.45,"[64, 64]",Tanh,25000,0.1,64,500,0.685,0.621025
389,0.0003,0.35,"[64, 64]",Tanh,25000,0.1,64,500,0.685,0.61475
277,0.0001,0.45,"[64, 64]",ReLU,100000,0.05,64,500,0.685,0.6186
31,5e-05,0.25,"[128, 128]",Tanh,50000,0.05,64,500,0.685,0.6147
236,0.0001,0.35,"[128, 128]",ReLU,25000,0.1,64,500,0.685,0.61045
53,5e-05,0.25,"[256, 128]",Tanh,100000,0.1,64,500,0.685,0.6118
219,0.0001,0.35,"[64, 64]",ReLU,50000,0.01,64,500,0.685,0.613575
59,5e-05,0.35,"[64, 64]",ReLU,50000,0.1,64,500,0.685,0.6215875
223,0.0001,0.35,"[64, 64]",ReLU,100000,0.05,64,500,0.685,0.6198625
218,0.0001,0.35,"[64, 64]",ReLU,25000,0.1,64,500,0.685,0.6040875
127,5e-05,0.45,"[128, 128]",ReLU,25000,0.05,64,500,0.68,0.6023999999999999
55,5e-05,0.35,"[64, 64]",ReLU,25000,0.05,64,500,0.68,0.6193000000000001
371,0.0003,0.25,"[256, 128]",Tanh,25000,0.1,64,500,0.68,0.6006
478,0.0003,0.45,"[256, 128]",Tanh,25000,0.05,64,500,0.68,0.6123500000000001
17,5e-05,0.25,"[64, 64]",Tanh,100000,0.1,64,500,0.68,0.6104375000000001
462,0.0003,0.45,"[128, 128]",Tanh,50000,0.01,64,500,0.68,0.5814125
139,5e-05,0.45,"[128, 128]",Tanh,50000,0.05,64,500,0.68,0.614475
435,0.0003,0.45,"[64, 64]",ReLU,50000,0.01,64,500,0.68,0.6049375
413,0.0003,0.35,"[128, 128]",Tanh,100000,0.1,64,500,0.68,0.594725
274,0.0001,0.45,"[64, 64]",ReLU,50000,0.05,64,500,0.68,0.6045625
315,0.0001,0.45,"[256, 128]",Tanh,25000,0.01,64,500,0.68,0.60735
208,0.0001,0.25,"[256, 128]",Tanh,25000,0.05,64,500,0.68,0.602375
268,0.0001,0.35,"[256, 128]",Tanh,100000,0.05,64,500,0.68,0.6217374999999999
420,0.0003,0.35,"[256, 128]",ReLU,100000,0.01,64,500,0.68,0.5738125
237,0.0001,0.35,"[128, 128]",ReLU,50000,0.01,64,500,0.68,0.6060125
418,0.0003,0.35,"[256, 128]",ReLU,50000,0.05,64,500,0.68,0.574075
396,0.0003,0.35,"[128, 128]",ReLU,25000,0.01,64,500,0.68,0.6037375
431,0.0003,0.35,"[256, 128]",Tanh,100000,0.1,64,500,0.675,0.575975
467,0.0003,0.45,"[128, 128]",Tanh,100000,0.1,64,500,0.675,0.573225
189,0.0001,0.25,"[128, 128]",Tanh,25000,0.01,64,500,0.675,0.606025
221,0.0001,0.35,"[64, 64]",ReLU,50000,0.1,64,500,0.675,0.6065125
317,0.0001,0.45,"[256, 128]",Tanh,25000,0.1,64,500,0.675,0.6021625
202,0.0001,0.25,"[256, 128]",ReLU,50000,0.05,64,500,0.675,0.598825
109,5e-05,0.45,"[64, 64]",ReLU,25000,0.05,64,500,0.675,0.6114625000000001
262,0.0001,0.35,"[256, 128]",Tanh,25000,0.05,64,500,0.675,0.5957625
480,0.0003,0.45,"[256, 128]",Tanh,50000,0.01,64,500,0.675,0.5798375
287,0.0001,0.45,"[64, 64]",Tanh,100000,0.1,64,500,0.675,0.597925
160,5e-05,0.45,"[256, 128]",Tanh,100000,0.05,64,500,0.675,0.6175875
32,5e-05,0.25,"[128, 128]",Tanh,50000,0.1,64,500,0.67,0.6166000000000001
474,0.0003,0.45,"[256, 128]",ReLU,100000,0.01,64,500,0.67,0.593
473,0.0003,0.45,"[256, 128]",ReLU,50000,0.1,64,500,0.67,0.5714374999999999
231,0.0001,0.35,"[64, 64]",Tanh,100000,0.01,64,500,0.67,0.584825
203,0.0001,0.25,"[256, 128]",ReLU,50000,0.1,64,500,0.67,0.5783750000000001
143,5e-05,0.45,"[128, 128]",Tanh,100000,0.1,64,500,0.67,0.589375
325,0.0003,0.25,"[64, 64]",ReLU,25000,0.05,64,500,0.67,0.5971
296,0.0001,0.45,"[128, 128]",ReLU,100000,0.1,64,500,0.67,0.5821124999999999
401,0.0003,0.35,"[128, 128]",ReLU,50000,0.1,64,500,0.67,0.5879375
405,0.0003,0.35,"[128, 128]",Tanh,25000,0.01,64,500,0.67,0.5977125
363,0.0003,0.25,"[256, 128]",ReLU,50000,0.01,64,500,0.665,0.5797374999999999
348,0.0003,0.25,"[128, 128]",ReLU,100000,0.01,64,500,0.665,0.5817625
319,0.0001,0.45,"[256, 128]",Tanh,50000,0.05,64,500,0.665,0.5926125
61,5e-05,0.35,"[64, 64]",ReLU,100000,0.05,64,500,0.665,0.5985875
374,0.0003,0.25,"[256, 128]",Tanh,50000,0.1,64,500,0.665,0.555525
197,0.0001,0.25,"[128, 128]",Tanh,100000,0.1,64,500,0.665,0.6157625
415,0.0003,0.35,"[256, 128]",ReLU,25000,0.05,64,500,0.665,0.572525
60,5e-05,0.35,"[64, 64]",ReLU,100000,0.01,64,500,0.665,0.610625
442,0.0003,0.45,"[64, 64]",Tanh,25000,0.05,64,500,0.665,0.59185
54,5e-05,0.35,"[64, 64]",ReLU,25000,0.01,64,500,0.66,0.6097
482,0.0003,0.45,"[256, 128]",Tanh,50000,0.1,64,500,0.66,0.5709125
65,5e-05,0.35,"[64, 64]",Tanh,25000,0.1,64,500,0.66,0.6000125
135,5e-05,0.45,"[128, 128]",Tanh,25000,0.01,64,500,0.66,0.6064499999999999
414,0.0003,0.35,"[256, 128]",ReLU,25000,0.01,64,500,0.66,0.5579875
356,0.0003,0.25,"[128, 128]",Tanh,50000,0.1,64,500,0.66,0.5751000000000001
56,5e-05,0.35,"[64, 64]",ReLU,25000,0.1,64,500,0.655,0.5898375
107,5e-05,0.35,"[256, 128]",Tanh,100000,0.1,64,500,0.655,0.5882875
416,0.0003,0.35,"[256, 128]",ReLU,25000,0.1,64,500,0.655,0.568525
302,0.0001,0.45,"[128, 128]",Tanh,50000,0.1,64,500,0.64,0.5599875
455,0.0003,0.45,"[128, 128]",ReLU,50000,0.1,64,500,0.635,0.541675
353,0.0003,0.25,"[128, 128]",Tanh,25000,0.1,64,500,0.635,0.557775
469,0.0003,0.45,"[256, 128]",ReLU,25000,0.05,64,500,0.625,0.531775
233,0.0001,0.35,"[64, 64]",Tanh,100000,0.1,64,500,0.625,0.5622375000000001
373,0.0003,0.25,"[256, 128]",Tanh,50000,0.05,64,500,0.595,0.4993
