trial,learning_rate,n_steps,ent_coef,net_arch,activation_fn,n_epochs,clip_range,batch_size,survival_rate,mean_return
134,0.0001,1024,0.005,"[128, 128]",ReLU,20,0.3,128,0.795,0.7550625
553,0.0003,2048,0.005,"[64, 64]",Tanh,10,0.2,128,0.785,0.7268375
355,0.0003,512,0.005,"[128, 128]",Tanh,10,0.2,128,0.78,0.720325
124,0.0001,1024,0.005,"[64, 64]",Tanh,20,0.2,128,0.775,0.7273125
583,0.0003,2048,0.005,"[256, 128]",ReLU,20,0.2,128,0.775,0.6914875
321,0.0001,2048,0.01,"[256, 128]",Tanh,20,0.1,128,0.77,0.7124875
351,0.0003,512,0.005,"[128, 128]",Tanh,5,0.1,128,0.77,0.72085
501,0.0003,1024,0.01,"[64, 64]",Tanh,20,0.1,128,0.77,0.7034
391,0.0003,512,0.01,"[64, 64]",Tanh,10,0.2,128,0.77,0.73875
401,0.0003,512,0.01,"[128, 128]",ReLU,10,0.3,128,0.77,0.7162125
229,0.0001,2048,0.005,"[64, 64]",Tanh,10,0.2,128,0.765,0.7324875
479,0.0003,1024,0.005,"[256, 128]",Tanh,5,0.3,128,0.765,0.72015
399,0.0003,512,0.01,"[128, 128]",ReLU,10,0.1,128,0.765,0.7145750000000001
285,0.0001,2048,0.01,"[64, 64]",Tanh,20,0.1,128,0.765,0.7168125000000001
327,0.0003,512,0.005,"[64, 64]",ReLU,10,0.1,128,0.765,0.742575
93,0.0001,512,0.01,"[256, 128]",ReLU,10,0.1,128,0.765,0.7319625000000001
365,0.0003,512,0.005,"[256, 128]",ReLU,10,0.3,128,0.765,0.71075
420,0.0003,512,0.01,"[256, 128]",ReLU,20,0.1,128,0.76,0.7090000000000001
47,0.0001,512,0.005,"[256, 128]",Tanh,5,0.3,128,0.76,0.6990999999999999
571,0.0003,2048,0.005,"[128, 128]",Tanh,10,0.2,128,0.76,0.6847249999999999
567,0.0003,2048,0.005,"[128, 128]",Tanh,5,0.1,128,0.76,0.7043375000000001
566,0.0003,2048,0.005,"[128, 128]",ReLU,20,0.3,128,0.76,0.6864250000000002
565,0.0003,2048,0.005,"[128, 128]",ReLU,20,0.2,128,0.76,0.6857500000000002
464,0.0003,1024,0.005,"[128, 128]",Tanh,10,0.3,128,0.76,0.6905375
474,0.0003,1024,0.005,"[256, 128]",ReLU,20,0.1,128,0.76,0.7039624999999999
502,0.0003,1024,0.01,"[64, 64]",Tanh,20,0.2,128,0.755,0.692525
45,0.0001,512,0.005,"[256, 128]",Tanh,5,0.1,128,0.755,0.7248875000000001
295,0.0001,2048,0.01,"[128, 128]",ReLU,20,0.2,128,0.755,0.7064000000000001
329,0.0003,512,0.005,"[64, 64]",ReLU,10,0.3,128,0.755,0.7074375
430,0.0003,512,0.01,"[256, 128]",Tanh,20,0.2,128,0.755,0.6761500000000001
400,0.0003,512,0.01,"[128, 128]",ReLU,10,0.2,128,0.755,0.6900499999999999
34,0.0001,512,0.005,"[128, 128]",Tanh,20,0.2,128,0.755,0.6835
517,0.0003,1024,0.01,"[128, 128]",Tanh,10,0.2,128,0.755,0.6866500000000001
53,0.0001,512,0.005,"[256, 128]",Tanh,20,0.3,128,0.755,0.6975125
33,0.0001,512,0.005,"[128, 128]",Tanh,20,0.1,128,0.755,0.6897125
198,0.0001,1024,0.01,"[256, 128]",ReLU,5,0.1,128,0.755,0.7421625000000001
177,0.0001,1024,0.01,"[64, 64]",Tanh,20,0.1,128,0.755,0.7048875000000001
190,0.0001,1024,0.01,"[128, 128]",Tanh,5,0.2,128,0.755,0.6908500000000001
392,0.0003,512,0.01,"[64, 64]",Tanh,10,0.3,128,0.75,0.7144875
529,0.0003,1024,0.01,"[256, 128]",ReLU,20,0.2,128,0.75,0.6827125
561,0.0003,2048,0.005,"[128, 128]",ReLU,10,0.1,128,0.75,0.6902875
279,0.0001,2048,0.01,"[64, 64]",Tanh,5,0.1,128,0.75,0.6704249999999999
601,0.0003,2048,0.01,"[64, 64]",ReLU,20,0.2,128,0.75,0.6782249999999999
416,0.0003,512,0.01,"[256, 128]",ReLU,5,0.3,128,0.75,0.7398750000000001
79,0.0001,512,0.01,"[128, 128]",ReLU,20,0.2,128,0.75,0.6922625000000001
170,0.0001,1024,0.01,"[64, 64]",ReLU,20,0.3,128,0.75,0.7225874999999999
484,0.0003,1024,0.005,"[256, 128]",Tanh,20,0.2,128,0.75,0.6716374999999999
394,0.0003,512,0.01,"[64, 64]",Tanh,20,0.2,128,0.75,0.6994625000000001
356,0.0003,512,0.005,"[128, 128]",Tanh,10,0.3,128,0.75,0.7001375
95,0.0001,512,0.01,"[256, 128]",ReLU,10,0.3,128,0.75,0.7341125000000001
158,0.0001,1024,0.005,"[256, 128]",Tanh,10,0.3,128,0.75,0.71245
497,0.0003,1024,0.01,"[64, 64]",Tanh,5,0.3,128,0.75,0.7005625000000001
645,0.0003,2048,0.01,"[256, 128]",Tanh,20,0.1,128,0.75,0.6810124999999999
531,0.0003,1024,0.01,"[256, 128]",Tanh,5,0.1,128,0.75,0.6798625
126,0.0001,1024,0.005,"[128, 128]",ReLU,5,0.1,128,0.75,0.7102875000000001
624,0.0003,2048,0.01,"[128, 128]",Tanh,10,0.1,128,0.745,0.6868125
272,0.0001,2048,0.01,"[64, 64]",ReLU,5,0.3,128,0.745,0.729975
188,0.0001,1024,0.01,"[128, 128]",ReLU,20,0.3,128,0.745,0.7121500000000001
300,0.0001,2048,0.01,"[128, 128]",Tanh,10,0.1,128,0.745,0.6915875
294,0.0001,2048,0.01,"[128, 128]",ReLU,20,0.1,128,0.745,0.6924625
607,0.0003,2048,0.01,"[64, 64]",Tanh,10,0.2,128,0.745,0.691275
121,0.0001,1024,0.005,"[64, 64]",Tanh,10,0.2,128,0.745,0.7020500000000002
325,0.0003,512,0.005,"[64, 64]",ReLU,5,0.2,128,0.745,0.7333500000000001
102,0.0001,512,0.01,"[256, 128]",Tanh,10,0.1,128,0.745,0.6814500000000001
277,0.0001,2048,0.01,"[64, 64]",ReLU,20,0.2,128,0.745,0.7021000000000001
271,0.0001,2048,0.01,"[64, 64]",ReLU,5,0.2,128,0.745,0.7375375
203,0.0001,1024,0.01,"[256, 128]",ReLU,10,0.3,128,0.745,0.724925
491,0.0003,1024,0.01,"[64, 64]",ReLU,10,0.3,128,0.745,0.7087
129,0.0001,1024,0.005,"[128, 128]",ReLU,10,0.1,128,0.745,0.6915625
27,0.0001,512,0.005,"[128, 128]",Tanh,5,0.1,128,0.745,0.71455
480,0.0003,1024,0.005,"[256, 128]",Tanh,10,0.1,128,0.745,0.6871624999999999
331,0.0003,512,0.005,"[64, 64]",ReLU,20,0.2,128,0.745,0.6831875
186,0.0001,1024,0.01,"[128, 128]",ReLU,20,0.1,128,0.74,0.6884874999999999
368,0.0003,512,0.005,"[256, 128]",ReLU,20,0.3,128,0.74,0.671475
511,0.0003,1024,0.01,"[128, 128]",ReLU,20,0.2,128,0.74,0.67535
111,0.0001,1024,0.005,"[64, 64]",ReLU,10,0.1,128,0.74,0.7046250000000001
509,0.0003,1024,0.01,"[128, 128]",ReLU,10,0.3,128,0.74,0.6838875000000002
350,0.0003,512,0.005,"[128, 128]",ReLU,20,0.3,128,0.74,0.686925
495,0.0003,1024,0.01,"[64, 64]",Tanh,5,0.1,128,0.74,0.69345
635,0.0003,2048,0.01,"[256, 128]",ReLU,10,0.3,128,0.74,0.6640999999999999
43,0.0001,512,0.005,"[256, 128]",ReLU,20,0.2,128,0.74,0.694225
634,0.0003,2048,0.01,"[256, 128]",ReLU,10,0.2,128,0.74,0.6897625000000001
146,0.0001,1024,0.005,"[256, 128]",ReLU,5,0.3,128,0.74,0.6985125
359,0.0003,512,0.005,"[128, 128]",Tanh,20,0.3,128,0.74,0.6755
299,0.0001,2048,0.01,"[128, 128]",Tanh,5,0.3,128,0.74,0.670975
423,0.0003,512,0.01,"[256, 128]",Tanh,5,0.1,128,0.74,0.6933125000000001
367,0.0003,512,0.005,"[256, 128]",ReLU,20,0.2,128,0.74,0.6658750000000001
372,0.0003,512,0.005,"[256, 128]",Tanh,10,0.1,128,0.74,0.681
580,0.0003,2048,0.005,"[256, 128]",ReLU,10,0.2,128,0.74,0.6876249999999999
468,0.0003,1024,0.005,"[256, 128]",ReLU,5,0.1,128,0.74,0.6819874999999999
540,0.0003,2048,0.005,"[64, 64]",ReLU,5,0.1,128,0.74,0.7024625
261,0.0001,2048,0.005,"[256, 128]",Tanh,5,0.1,128,0.74,0.6727500000000001
205,0.0001,1024,0.01,"[256, 128]",ReLU,20,0.2,128,0.74,0.6713875
485,0.0003,1024,0.005,"[256, 128]",Tanh,20,0.3,128,0.74,0.6654875000000001
476,0.0003,1024,0.005,"[256, 128]",ReLU,20,0.3,128,0.74,0.6663125
144,0.0001,1024,0.005,"[256, 128]",ReLU,5,0.1,128,0.735,0.7304
150,0.0001,1024,0.005,"[256, 128]",ReLU,20,0.1,128,0.735,0.6882
326,0.0003,512,0.005,"[64, 64]",ReLU,5,0.3,128,0.735,0.735
219,0.0001,2048,0.005,"[64, 64]",ReLU,10,0.1,128,0.735,0.7052375000000001
309,0.0001,2048,0.01,"[256, 128]",ReLU,10,0.1,128,0.735,0.7114
197,0.0001,1024,0.01,"[128, 128]",Tanh,20,0.3,128,0.735,0.678775
248,0.0001,2048,0.005,"[128, 128]",Tanh,10,0.3,128,0.735,0.690475
273,0.0001,2048,0.01,"[64, 64]",ReLU,10,0.1,128,0.735,0.712825
268,0.0001,2048,0.005,"[256, 128]",Tanh,20,0.2,128,0.735,0.6714875
243,0.0001,2048,0.005,"[128, 128]",Tanh,5,0.1,128,0.735,0.6944125
269,0.0001,2048,0.005,"[256, 128]",Tanh,20,0.3,128,0.735,0.6773250000000001
136,0.0001,1024,0.005,"[128, 128]",Tanh,5,0.2,128,0.735,0.6910625000000001
324,0.0003,512,0.005,"[64, 64]",ReLU,5,0.1,128,0.735,0.7111750000000001
162,0.0001,1024,0.01,"[64, 64]",ReLU,5,0.1,128,0.735,0.6920000000000001
457,0.0003,1024,0.005,"[128, 128]",ReLU,20,0.2,128,0.735,0.6683250000000001
609,0.0003,2048,0.01,"[64, 64]",Tanh,20,0.1,128,0.735,0.6720875000000001
62,0.0001,512,0.01,"[64, 64]",ReLU,20,0.3,128,0.735,0.69245
63,0.0001,512,0.01,"[64, 64]",Tanh,5,0.1,128,0.735,0.7043375000000001
64,0.0001,512,0.01,"[64, 64]",Tanh,5,0.2,128,0.735,0.7043375000000001
65,0.0001,512,0.01,"[64, 64]",Tanh,5,0.3,128,0.735,0.7043375000000001
460,0.0003,1024,0.005,"[128, 128]",Tanh,5,0.2,128,0.735,0.6814
441,0.0003,1024,0.005,"[64, 64]",Tanh,5,0.1,128,0.735,0.68465
431,0.0003,512,0.01,"[256, 128]",Tanh,20,0.3,128,0.735,0.6749124999999999
428,0.0003,512,0.01,"[256, 128]",Tanh,10,0.3,128,0.735,0.6747875000000001
482,0.0003,1024,0.005,"[256, 128]",Tanh,10,0.3,128,0.735,0.6675249999999999
80,0.0001,512,0.01,"[128, 128]",ReLU,20,0.3,128,0.735,0.6881375
636,0.0003,2048,0.01,"[256, 128]",ReLU,20,0.1,128,0.735,0.6666249999999999
90,0.0001,512,0.01,"[256, 128]",ReLU,5,0.1,128,0.735,0.7001000000000001
358,0.0003,512,0.005,"[128, 128]",Tanh,20,0.2,128,0.735,0.6705375000000001
513,0.0003,1024,0.01,"[128, 128]",Tanh,5,0.1,128,0.735,0.6805875
100,0.0001,512,0.01,"[256, 128]",Tanh,5,0.2,128,0.735,0.6535375000000001
346,0.0003,512,0.005,"[128, 128]",ReLU,10,0.2,128,0.735,0.6698375
103,0.0001,512,0.01,"[256, 128]",Tanh,10,0.2,128,0.735,0.7025625
589,0.0003,2048,0.005,"[256, 128]",Tanh,10,0.2,128,0.735,0.6712250000000001
204,0.0001,1024,0.01,"[256, 128]",ReLU,20,0.1,128,0.73,0.6727125
548,0.0003,2048,0.005,"[64, 64]",ReLU,20,0.3,128,0.73,0.6684125000000001
541,0.0003,2048,0.005,"[64, 64]",ReLU,5,0.2,128,0.73,0.7074875
554,0.0003,2048,0.005,"[64, 64]",Tanh,10,0.3,128,0.73,0.67935
537,0.0003,1024,0.01,"[256, 128]",Tanh,20,0.1,128,0.73,0.6632375
612,0.0003,2048,0.01,"[128, 128]",ReLU,5,0.1,128,0.73,0.6905125000000001
196,0.0001,1024,0.01,"[128, 128]",Tanh,20,0.2,128,0.73,0.6664375
536,0.0003,1024,0.01,"[256, 128]",Tanh,10,0.3,128,0.73,0.6721625
613,0.0003,2048,0.01,"[128, 128]",ReLU,5,0.2,128,0.73,0.6981875
628,0.0003,2048,0.01,"[128, 128]",Tanh,20,0.2,128,0.73,0.6466
182,0.0001,1024,0.01,"[128, 128]",ReLU,5,0.3,128,0.73,0.7113250000000001
178,0.0001,1024,0.01,"[64, 64]",Tanh,20,0.2,128,0.73,0.664275
637,0.0003,2048,0.01,"[256, 128]",ReLU,20,0.2,128,0.73,0.6671250000000001
175,0.0001,1024,0.01,"[64, 64]",Tanh,10,0.2,128,0.73,0.678175
206,0.0001,1024,0.01,"[256, 128]",ReLU,20,0.3,128,0.73,0.6871
330,0.0003,512,0.005,"[64, 64]",ReLU,20,0.1,128,0.73,0.6856
535,0.0003,1024,0.01,"[256, 128]",Tanh,10,0.2,128,0.73,0.6590375
223,0.0001,2048,0.005,"[64, 64]",ReLU,20,0.2,128,0.73,0.6909125
336,0.0003,512,0.005,"[64, 64]",Tanh,10,0.1,128,0.73,0.6815625
353,0.0003,512,0.005,"[128, 128]",Tanh,5,0.3,128,0.73,0.70655
296,0.0001,2048,0.01,"[128, 128]",ReLU,20,0.3,128,0.73,0.676275
398,0.0003,512,0.01,"[128, 128]",ReLU,5,0.3,128,0.73,0.7201750000000001
402,0.0003,512,0.01,"[128, 128]",ReLU,20,0.1,128,0.73,0.6678999999999999
424,0.0003,512,0.01,"[256, 128]",Tanh,5,0.2,128,0.73,0.683675
427,0.0003,512,0.01,"[256, 128]",Tanh,10,0.2,128,0.73,0.66905
444,0.0003,1024,0.005,"[64, 64]",Tanh,10,0.1,128,0.73,0.6667000000000001
270,0.0001,2048,0.01,"[64, 64]",ReLU,5,0.1,128,0.73,0.7225375
453,0.0003,1024,0.005,"[128, 128]",ReLU,10,0.1,128,0.73,0.663425
263,0.0001,2048,0.005,"[256, 128]",Tanh,5,0.3,128,0.73,0.6964375000000002
334,0.0003,512,0.005,"[64, 64]",Tanh,5,0.2,128,0.73,0.701025
477,0.0003,1024,0.005,"[256, 128]",Tanh,5,0.1,128,0.73,0.6897500000000001
241,0.0001,2048,0.005,"[128, 128]",ReLU,20,0.2,128,0.73,0.6732
237,0.0001,2048,0.005,"[128, 128]",ReLU,10,0.1,128,0.73,0.6894125
459,0.0003,1024,0.005,"[128, 128]",Tanh,5,0.1,128,0.73,0.6695
647,0.0003,2048,0.01,"[256, 128]",Tanh,20,0.3,128,0.73,0.6536375000000001
132,0.0001,1024,0.005,"[128, 128]",ReLU,20,0.1,128,0.73,0.6691250000000001
108,0.0001,1024,0.005,"[64, 64]",ReLU,5,0.1,128,0.73,0.6627625
73,0.0001,512,0.01,"[128, 128]",ReLU,5,0.2,128,0.73,0.7099500000000001
20,0.0001,512,0.005,"[128, 128]",ReLU,5,0.3,128,0.73,0.73
19,0.0001,512,0.005,"[128, 128]",ReLU,5,0.2,128,0.73,0.7124125000000001
84,0.0001,512,0.01,"[128, 128]",Tanh,10,0.1,128,0.73,0.6978875000000001
88,0.0001,512,0.01,"[128, 128]",Tanh,20,0.2,128,0.73,0.6830375000000001
99,0.0001,512,0.01,"[256, 128]",Tanh,5,0.1,128,0.73,0.644725
104,0.0001,512,0.01,"[256, 128]",Tanh,10,0.3,128,0.73,0.7060125
156,0.0001,1024,0.005,"[256, 128]",Tanh,10,0.1,128,0.73,0.6755249999999999
120,0.0001,1024,0.005,"[64, 64]",Tanh,10,0.1,128,0.73,0.7065625
116,0.0001,1024,0.005,"[64, 64]",ReLU,20,0.3,128,0.73,0.7129125000000001
128,0.0001,1024,0.005,"[128, 128]",ReLU,5,0.3,128,0.73,0.7298875000000001
317,0.0001,2048,0.01,"[256, 128]",Tanh,5,0.3,128,0.725,0.6602125000000001
224,0.0001,2048,0.005,"[64, 64]",ReLU,20,0.3,128,0.725,0.7092500000000002
408,0.0003,512,0.01,"[128, 128]",Tanh,10,0.1,128,0.725,0.6751375000000001
230,0.0001,2048,0.005,"[64, 64]",Tanh,10,0.3,128,0.725,0.6863125000000001
227,0.0001,2048,0.005,"[64, 64]",Tanh,5,0.3,128,0.725,0.6504875
226,0.0001,2048,0.005,"[64, 64]",Tanh,5,0.2,128,0.725,0.6504875
437,0.0003,1024,0.005,"[64, 64]",ReLU,10,0.3,128,0.725,0.6890375
403,0.0003,512,0.01,"[128, 128]",ReLU,20,0.2,128,0.725,0.6673375
440,0.0003,1024,0.005,"[64, 64]",ReLU,20,0.3,128,0.725,0.6643875
462,0.0003,1024,0.005,"[128, 128]",Tanh,10,0.1,128,0.725,0.6621625
466,0.0003,1024,0.005,"[128, 128]",Tanh,20,0.2,128,0.725,0.6458125
470,0.0003,1024,0.005,"[256, 128]",ReLU,5,0.3,128,0.725,0.680375
473,0.0003,1024,0.005,"[256, 128]",ReLU,10,0.3,128,0.725,0.6661750000000001
55,0.0001,512,0.01,"[64, 64]",ReLU,5,0.2,128,0.725,0.6466500000000001
234,0.0001,2048,0.005,"[128, 128]",ReLU,5,0.1,128,0.725,0.6603249999999999
280,0.0001,2048,0.01,"[64, 64]",Tanh,5,0.2,128,0.725,0.66015
333,0.0003,512,0.005,"[64, 64]",Tanh,5,0.1,128,0.725,0.6859625
281,0.0001,2048,0.01,"[64, 64]",Tanh,5,0.3,128,0.725,0.66015
390,0.0003,512,0.01,"[64, 64]",Tanh,10,0.1,128,0.725,0.645275
386,0.0003,512,0.01,"[64, 64]",ReLU,20,0.3,128,0.725,0.6599250000000001
41,0.0001,512,0.005,"[256, 128]",ReLU,10,0.3,128,0.725,0.6933625000000001
376,0.0003,512,0.005,"[256, 128]",Tanh,20,0.2,128,0.725,0.66415
374,0.0003,512,0.005,"[256, 128]",Tanh,10,0.3,128,0.725,0.6671625
260,0.0001,2048,0.005,"[256, 128]",ReLU,20,0.3,128,0.725,0.6807124999999999
364,0.0003,512,0.005,"[256, 128]",ReLU,10,0.2,128,0.725,0.6667875000000001
246,0.0001,2048,0.005,"[128, 128]",Tanh,10,0.1,128,0.725,0.6667750000000001
357,0.0003,512,0.005,"[128, 128]",Tanh,20,0.1,128,0.725,0.6676000000000001
312,0.0001,2048,0.01,"[256, 128]",ReLU,20,0.1,128,0.725,0.6592125000000002
105,0.0001,512,0.01,"[256, 128]",Tanh,20,0.1,128,0.725,0.6675749999999999
253,0.0001,2048,0.005,"[256, 128]",ReLU,5,0.2,128,0.725,0.72155
54,0.0001,512,0.01,"[64, 64]",ReLU,5,0.1,128,0.725,0.6942375000000002
406,0.0003,512,0.01,"[128, 128]",Tanh,5,0.2,128,0.725,0.6983875
29,0.0001,512,0.005,"[128, 128]",Tanh,5,0.3,128,0.725,0.682025
618,0.0003,2048,0.01,"[128, 128]",ReLU,20,0.1,128,0.725,0.6595250000000001
187,0.0001,1024,0.01,"[128, 128]",ReLU,20,0.2,128,0.725,0.6790125
555,0.0003,2048,0.005,"[64, 64]",Tanh,20,0.1,128,0.725,0.6507
22,0.0001,512,0.005,"[128, 128]",ReLU,10,0.2,128,0.725,0.6978
11,0.0001,512,0.005,"[64, 64]",Tanh,5,0.3,128,0.725,0.6633000000000001
161,0.0001,1024,0.005,"[256, 128]",Tanh,20,0.3,128,0.725,0.674025
547,0.0003,2048,0.005,"[64, 64]",ReLU,20,0.2,128,0.725,0.6689125
538,0.0003,1024,0.01,"[256, 128]",Tanh,20,0.2,128,0.725,0.6567875000000001
10,0.0001,512,0.005,"[64, 64]",Tanh,5,0.2,128,0.725,0.6633000000000001
28,0.0001,512,0.005,"[128, 128]",Tanh,5,0.2,128,0.725,0.682025
9,0.0001,512,0.005,"[64, 64]",Tanh,5,0.1,128,0.725,0.6633000000000001
530,0.0003,1024,0.01,"[256, 128]",ReLU,20,0.3,128,0.725,0.6639875000000001
590,0.0003,2048,0.005,"[256, 128]",Tanh,10,0.3,128,0.725,0.6659125
520,0.0003,1024,0.01,"[128, 128]",Tanh,20,0.2,128,0.725,0.6463500000000001
527,0.0003,1024,0.01,"[256, 128]",ReLU,10,0.3,128,0.725,0.662425
626,0.0003,2048,0.01,"[128, 128]",Tanh,10,0.3,128,0.725,0.6800999999999999
524,0.0003,1024,0.01,"[256, 128]",ReLU,5,0.3,128,0.725,0.6928
7,0.0001,512,0.005,"[64, 64]",ReLU,20,0.2,128,0.725,0.691225
166,0.0001,1024,0.01,"[64, 64]",ReLU,10,0.2,128,0.725,0.71315
507,0.0003,1024,0.01,"[128, 128]",ReLU,10,0.1,128,0.725,0.666875
606,0.0003,2048,0.01,"[64, 64]",Tanh,10,0.1,128,0.72,0.65365
593,0.0003,2048,0.005,"[256, 128]",Tanh,20,0.3,128,0.72,0.65995
595,0.0003,2048,0.01,"[64, 64]",ReLU,5,0.2,128,0.72,0.6890000000000001
352,0.0003,512,0.005,"[128, 128]",Tanh,5,0.2,128,0.72,0.6814500000000001
603,0.0003,2048,0.01,"[64, 64]",Tanh,5,0.1,128,0.72,0.6738374999999999
344,0.0003,512,0.005,"[128, 128]",ReLU,5,0.3,128,0.72,0.6869124999999999
616,0.0003,2048,0.01,"[128, 128]",ReLU,10,0.2,128,0.72,0.6660875
608,0.0003,2048,0.01,"[64, 64]",Tanh,10,0.3,128,0.72,0.6746375
130,0.0001,1024,0.005,"[128, 128]",ReLU,10,0.2,128,0.72,0.6894
292,0.0001,2048,0.01,"[128, 128]",ReLU,10,0.2,128,0.72,0.6788000000000001
620,0.0003,2048,0.01,"[128, 128]",ReLU,20,0.3,128,0.72,0.646575
14,0.0001,512,0.005,"[64, 64]",Tanh,10,0.3,128,0.72,0.6751375000000002
619,0.0003,2048,0.01,"[128, 128]",ReLU,20,0.2,128,0.72,0.6522
489,0.0003,1024,0.01,"[64, 64]",ReLU,10,0.1,128,0.72,0.6645625
574,0.0003,2048,0.005,"[128, 128]",Tanh,20,0.2,128,0.72,0.6497499999999999
15,0.0001,512,0.005,"[64, 64]",Tanh,20,0.1,128,0.72,0.6571625
16,0.0001,512,0.005,"[64, 64]",Tanh,20,0.2,128,0.72,0.69305
508,0.0003,1024,0.01,"[128, 128]",ReLU,10,0.2,128,0.72,0.668575
522,0.0003,1024,0.01,"[256, 128]",ReLU,5,0.1,128,0.72,0.6740625
267,0.0001,2048,0.005,"[256, 128]",Tanh,20,0.1,128,0.72,0.6540375
465,0.0003,1024,0.005,"[128, 128]",Tanh,20,0.1,128,0.72,0.654975
448,0.0003,1024,0.005,"[64, 64]",Tanh,20,0.2,128,0.72,0.6554249999999999
528,0.0003,1024,0.01,"[256, 128]",ReLU,20,0.1,128,0.72,0.6465875
32,0.0001,512,0.005,"[128, 128]",Tanh,10,0.3,128,0.72,0.7037875000000001
436,0.0003,1024,0.005,"[64, 64]",ReLU,10,0.2,128,0.72,0.6749875
433,0.0003,1024,0.005,"[64, 64]",ReLU,5,0.2,128,0.72,0.7112
68,0.0001,512,0.01,"[64, 64]",Tanh,10,0.3,128,0.72,0.6789625000000001
426,0.0003,512,0.01,"[256, 128]",Tanh,10,0.1,128,0.72,0.65595
422,0.0003,512,0.01,"[256, 128]",ReLU,20,0.3,128,0.72,0.6475
412,0.0003,512,0.01,"[128, 128]",Tanh,20,0.2,128,0.72,0.6554875
405,0.0003,512,0.01,"[128, 128]",Tanh,5,0.1,128,0.72,0.6666124999999999
564,0.0003,2048,0.005,"[128, 128]",ReLU,20,0.1,128,0.72,0.6587375
569,0.0003,2048,0.005,"[128, 128]",Tanh,5,0.3,128,0.72,0.6710625
48,0.0001,512,0.005,"[256, 128]",Tanh,10,0.1,128,0.72,0.6764625
385,0.0003,512,0.01,"[64, 64]",ReLU,20,0.2,128,0.72,0.6619875000000001
381,0.0003,512,0.01,"[64, 64]",ReLU,10,0.1,128,0.72,0.660575
56,0.0001,512,0.01,"[64, 64]",ReLU,5,0.3,128,0.72,0.6935125
164,0.0001,1024,0.01,"[64, 64]",ReLU,5,0.3,128,0.72,0.65995
212,0.0001,1024,0.01,"[256, 128]",Tanh,10,0.3,128,0.72,0.6850750000000001
138,0.0001,1024,0.005,"[128, 128]",Tanh,10,0.1,128,0.72,0.6802750000000001
194,0.0001,1024,0.01,"[128, 128]",Tanh,10,0.3,128,0.72,0.6972999999999999
214,0.0001,1024,0.01,"[256, 128]",Tanh,20,0.2,128,0.72,0.6506875
255,0.0001,2048,0.005,"[256, 128]",ReLU,10,0.1,128,0.72,0.6960625
222,0.0001,2048,0.005,"[64, 64]",ReLU,20,0.1,128,0.72,0.6567500000000002
207,0.0001,1024,0.01,"[256, 128]",Tanh,5,0.1,128,0.72,0.660425
244,0.0001,2048,0.005,"[128, 128]",Tanh,5,0.2,128,0.715,0.6838374999999999
12,0.0001,512,0.005,"[64, 64]",Tanh,10,0.1,128,0.715,0.6757625
575,0.0003,2048,0.005,"[128, 128]",Tanh,20,0.3,128,0.715,0.6523875000000001
393,0.0003,512,0.01,"[64, 64]",Tanh,20,0.1,128,0.715,0.649575
458,0.0003,1024,0.005,"[128, 128]",ReLU,20,0.3,128,0.715,0.6381999999999999
600,0.0003,2048,0.01,"[64, 64]",ReLU,20,0.1,128,0.715,0.6518250000000001
543,0.0003,2048,0.005,"[64, 64]",ReLU,10,0.1,128,0.715,0.6743375
189,0.0001,1024,0.01,"[128, 128]",Tanh,5,0.1,128,0.715,0.6546125
39,0.0001,512,0.005,"[256, 128]",ReLU,10,0.1,128,0.715,0.68435
40,0.0001,512,0.005,"[256, 128]",ReLU,10,0.2,128,0.715,0.6895625
76,0.0001,512,0.01,"[128, 128]",ReLU,10,0.2,128,0.715,0.7002875000000001
252,0.0001,2048,0.005,"[256, 128]",ReLU,5,0.1,128,0.715,0.6960000000000001
318,0.0001,2048,0.01,"[256, 128]",Tanh,10,0.1,128,0.715,0.6724625000000001
525,0.0003,1024,0.01,"[256, 128]",ReLU,10,0.1,128,0.715,0.645275
303,0.0001,2048,0.01,"[128, 128]",Tanh,20,0.1,128,0.715,0.641775
199,0.0001,1024,0.01,"[256, 128]",ReLU,5,0.2,128,0.715,0.710025
591,0.0003,2048,0.005,"[256, 128]",Tanh,20,0.1,128,0.715,0.6548875
532,0.0003,1024,0.01,"[256, 128]",Tanh,5,0.2,128,0.715,0.6690750000000001
533,0.0003,1024,0.01,"[256, 128]",Tanh,5,0.3,128,0.715,0.6807499999999999
1,0.0001,512,0.005,"[64, 64]",ReLU,5,0.2,128,0.715,0.6947375
112,0.0001,1024,0.005,"[64, 64]",ReLU,10,0.2,128,0.715,0.7144375
373,0.0003,512,0.005,"[256, 128]",Tanh,10,0.2,128,0.715,0.6355375
539,0.0003,1024,0.01,"[256, 128]",Tanh,20,0.3,128,0.715,0.6509125
328,0.0003,512,0.005,"[64, 64]",ReLU,10,0.2,128,0.715,0.6712874999999999
107,0.0001,512,0.01,"[256, 128]",Tanh,20,0.3,128,0.715,0.6643625
106,0.0001,512,0.01,"[256, 128]",Tanh,20,0.2,128,0.715,0.6593000000000001
208,0.0001,1024,0.01,"[256, 128]",Tanh,5,0.2,128,0.715,0.6706
411,0.0003,512,0.01,"[128, 128]",Tanh,20,0.1,128,0.715,0.646925
165,0.0001,1024,0.01,"[64, 64]",ReLU,10,0.1,128,0.715,0.6783500000000001
409,0.0003,512,0.01,"[128, 128]",Tanh,10,0.2,128,0.715,0.6577500000000001
449,0.0003,1024,0.005,"[64, 64]",Tanh,20,0.3,128,0.715,0.6716125
452,0.0003,1024,0.005,"[128, 128]",ReLU,5,0.3,128,0.715,0.6560499999999999
221,0.0001,2048,0.005,"[64, 64]",ReLU,10,0.3,128,0.715,0.6954625000000001
2,0.0001,512,0.005,"[64, 64]",ReLU,5,0.3,128,0.715,0.698075
97,0.0001,512,0.01,"[256, 128]",ReLU,20,0.2,128,0.715,0.666825
58,0.0001,512,0.01,"[64, 64]",ReLU,10,0.2,128,0.715,0.6972750000000001
218,0.0001,2048,0.005,"[64, 64]",ReLU,5,0.3,128,0.715,0.715
101,0.0001,512,0.01,"[256, 128]",Tanh,5,0.3,128,0.715,0.6769749999999999
642,0.0003,2048,0.01,"[256, 128]",Tanh,10,0.1,128,0.715,0.6411374999999999
133,0.0001,1024,0.005,"[128, 128]",ReLU,20,0.2,128,0.715,0.657575
96,0.0001,512,0.01,"[256, 128]",ReLU,20,0.1,128,0.715,0.663375
282,0.0001,2048,0.01,"[64, 64]",Tanh,10,0.1,128,0.715,0.6553999999999999
283,0.0001,2048,0.01,"[64, 64]",Tanh,10,0.2,128,0.715,0.6817375000000001
135,0.0001,1024,0.005,"[128, 128]",Tanh,5,0.1,128,0.715,0.6724249999999999
141,0.0001,1024,0.005,"[128, 128]",Tanh,20,0.1,128,0.715,0.6657
3,0.0001,512,0.005,"[64, 64]",ReLU,10,0.1,128,0.715,0.697375
4,0.0001,512,0.005,"[64, 64]",ReLU,10,0.2,128,0.715,0.6981375
632,0.0003,2048,0.01,"[256, 128]",ReLU,5,0.3,128,0.715,0.6623375000000001
630,0.0003,2048,0.01,"[256, 128]",ReLU,5,0.1,128,0.715,0.656075
629,0.0003,2048,0.01,"[128, 128]",Tanh,20,0.3,128,0.715,0.6476375
46,0.0001,512,0.005,"[256, 128]",Tanh,5,0.2,128,0.715,0.6831499999999999
339,0.0003,512,0.005,"[64, 64]",Tanh,20,0.1,128,0.715,0.64125
87,0.0001,512,0.01,"[128, 128]",Tanh,20,0.1,128,0.715,0.65795
26,0.0001,512,0.005,"[128, 128]",ReLU,20,0.3,128,0.715,0.6716375000000001
193,0.0001,1024,0.01,"[128, 128]",Tanh,10,0.2,128,0.71,0.6678000000000001
552,0.0003,2048,0.005,"[64, 64]",Tanh,10,0.1,128,0.71,0.64825
550,0.0003,2048,0.005,"[64, 64]",Tanh,5,0.2,128,0.71,0.684875
549,0.0003,2048,0.005,"[64, 64]",Tanh,5,0.1,128,0.71,0.6725249999999999
504,0.0003,1024,0.01,"[128, 128]",ReLU,5,0.1,128,0.71,0.6798875000000001
514,0.0003,1024,0.01,"[128, 128]",Tanh,5,0.2,128,0.71,0.6649375000000001
239,0.0001,2048,0.005,"[128, 128]",ReLU,10,0.3,128,0.71,0.6767000000000002
145,0.0001,1024,0.005,"[256, 128]",ReLU,5,0.2,128,0.71,0.71
396,0.0003,512,0.01,"[128, 128]",ReLU,5,0.1,128,0.71,0.6585249999999999
559,0.0003,2048,0.005,"[128, 128]",ReLU,5,0.2,128,0.71,0.6720625
413,0.0003,512,0.01,"[128, 128]",Tanh,20,0.3,128,0.71,0.6610250000000001
478,0.0003,1024,0.005,"[256, 128]",Tanh,5,0.2,128,0.71,0.6548875
417,0.0003,512,0.01,"[256, 128]",ReLU,10,0.1,128,0.71,0.656775
419,0.0003,512,0.01,"[256, 128]",ReLU,10,0.3,128,0.71,0.6668375000000001
231,0.0001,2048,0.005,"[64, 64]",Tanh,20,0.1,128,0.71,0.6520750000000001
472,0.0003,1024,0.005,"[256, 128]",ReLU,10,0.2,128,0.71,0.6537375
228,0.0001,2048,0.005,"[64, 64]",Tanh,10,0.1,128,0.71,0.6511375000000001
71,0.0001,512,0.01,"[64, 64]",Tanh,20,0.3,128,0.71,0.6748000000000001
142,0.0001,1024,0.005,"[128, 128]",Tanh,20,0.2,128,0.71,0.6523
249,0.0001,2048,0.005,"[128, 128]",Tanh,20,0.1,128,0.71,0.6452625000000001
445,0.0003,1024,0.005,"[64, 64]",Tanh,10,0.2,128,0.71,0.6484000000000001
332,0.0003,512,0.005,"[64, 64]",ReLU,20,0.3,128,0.71,0.648175
264,0.0001,2048,0.005,"[256, 128]",Tanh,10,0.1,128,0.71,0.6426249999999999
599,0.0003,2048,0.01,"[64, 64]",ReLU,10,0.3,128,0.71,0.6683500000000001
276,0.0001,2048,0.01,"[64, 64]",ReLU,20,0.1,128,0.71,0.644525
109,0.0001,1024,0.005,"[64, 64]",ReLU,5,0.2,128,0.71,0.6888374999999999
123,0.0001,1024,0.005,"[64, 64]",Tanh,20,0.1,128,0.71,0.6554625000000001
576,0.0003,2048,0.005,"[256, 128]",ReLU,5,0.1,128,0.71,0.6604624999999998
13,0.0001,512,0.005,"[64, 64]",Tanh,10,0.2,128,0.71,0.6530250000000001
154,0.0001,1024,0.005,"[256, 128]",Tanh,5,0.2,128,0.71,0.6821875
191,0.0001,1024,0.01,"[128, 128]",Tanh,5,0.3,128,0.71,0.6709499999999999
306,0.0001,2048,0.01,"[256, 128]",ReLU,5,0.1,128,0.71,0.688825
623,0.0003,2048,0.01,"[128, 128]",Tanh,5,0.3,128,0.71,0.6551125
250,0.0001,2048,0.005,"[128, 128]",Tanh,20,0.2,128,0.71,0.642425
278,0.0001,2048,0.01,"[64, 64]",ReLU,20,0.3,128,0.71,0.6739125
8,0.0001,512,0.005,"[64, 64]",ReLU,20,0.3,128,0.71,0.6723125000000002
627,0.0003,2048,0.01,"[128, 128]",Tanh,20,0.1,128,0.71,0.6242624999999999
265,0.0001,2048,0.005,"[256, 128]",Tanh,10,0.2,128,0.71,0.6607124999999999
639,0.0003,2048,0.01,"[256, 128]",Tanh,5,0.1,128,0.71,0.6519750000000001
60,0.0001,512,0.01,"[64, 64]",ReLU,20,0.1,128,0.705,0.6754375
506,0.0003,1024,0.01,"[128, 128]",ReLU,5,0.3,128,0.705,0.68
114,0.0001,1024,0.005,"[64, 64]",ReLU,20,0.1,128,0.705,0.6728875000000001
435,0.0003,1024,0.005,"[64, 64]",ReLU,10,0.1,128,0.705,0.643625
172,0.0001,1024,0.01,"[64, 64]",Tanh,5,0.2,128,0.705,0.6584375
140,0.0001,1024,0.005,"[128, 128]",Tanh,10,0.3,128,0.705,0.664975
98,0.0001,512,0.01,"[256, 128]",ReLU,20,0.3,128,0.705,0.6484749999999999
171,0.0001,1024,0.01,"[64, 64]",Tanh,5,0.1,128,0.705,0.6584375
173,0.0001,1024,0.01,"[64, 64]",Tanh,5,0.3,128,0.705,0.6584375
602,0.0003,2048,0.01,"[64, 64]",ReLU,20,0.3,128,0.705,0.6455000000000001
275,0.0001,2048,0.01,"[64, 64]",ReLU,10,0.3,128,0.705,0.7049375000000001
304,0.0001,2048,0.01,"[128, 128]",Tanh,20,0.2,128,0.705,0.6547749999999999
432,0.0003,1024,0.005,"[64, 64]",ReLU,5,0.1,128,0.705,0.6539500000000001
169,0.0001,1024,0.01,"[64, 64]",ReLU,20,0.2,128,0.705,0.6686625
238,0.0001,2048,0.005,"[128, 128]",ReLU,10,0.2,128,0.705,0.6636875000000001
301,0.0001,2048,0.01,"[128, 128]",Tanh,10,0.2,128,0.705,0.6651874999999999
410,0.0003,512,0.01,"[128, 128]",Tanh,10,0.3,128,0.705,0.6529125
621,0.0003,2048,0.01,"[128, 128]",Tanh,5,0.1,128,0.705,0.64125
258,0.0001,2048,0.005,"[256, 128]",ReLU,20,0.1,128,0.705,0.659325
284,0.0001,2048,0.01,"[64, 64]",Tanh,10,0.3,128,0.705,0.6713250000000001
74,0.0001,512,0.01,"[128, 128]",ReLU,5,0.3,128,0.705,0.6574125000000001
610,0.0003,2048,0.01,"[64, 64]",Tanh,20,0.2,128,0.705,0.622375
289,0.0001,2048,0.01,"[128, 128]",ReLU,5,0.2,128,0.705,0.69025
37,0.0001,512,0.005,"[256, 128]",ReLU,5,0.2,128,0.705,0.6881
586,0.0003,2048,0.005,"[256, 128]",Tanh,5,0.2,128,0.705,0.6428625
558,0.0003,2048,0.005,"[128, 128]",ReLU,5,0.1,128,0.705,0.6721250000000001
557,0.0003,2048,0.005,"[64, 64]",Tanh,20,0.3,128,0.705,0.6515750000000001
345,0.0003,512,0.005,"[128, 128]",ReLU,10,0.1,128,0.705,0.661725
94,0.0001,512,0.01,"[256, 128]",ReLU,10,0.2,128,0.705,0.6667124999999998
143,0.0001,1024,0.005,"[128, 128]",Tanh,20,0.3,128,0.705,0.6541375
92,0.0001,512,0.01,"[256, 128]",ReLU,5,0.3,128,0.705,0.6833
363,0.0003,512,0.005,"[256, 128]",ReLU,10,0.1,128,0.705,0.6526125
546,0.0003,2048,0.005,"[64, 64]",ReLU,20,0.1,128,0.705,0.6364375
573,0.0003,2048,0.005,"[128, 128]",Tanh,20,0.1,128,0.705,0.63325
582,0.0003,2048,0.005,"[256, 128]",ReLU,20,0.1,128,0.705,0.633575
542,0.0003,2048,0.005,"[64, 64]",ReLU,5,0.3,128,0.705,0.6801750000000001
388,0.0003,512,0.01,"[64, 64]",Tanh,5,0.2,128,0.705,0.6625874999999999
534,0.0003,1024,0.01,"[256, 128]",Tanh,10,0.1,128,0.705,0.6353125
183,0.0001,1024,0.01,"[128, 128]",ReLU,10,0.1,128,0.705,0.6616
454,0.0003,1024,0.005,"[128, 128]",ReLU,10,0.2,128,0.705,0.64955
31,0.0001,512,0.005,"[128, 128]",Tanh,10,0.2,128,0.705,0.6595875
220,0.0001,2048,0.005,"[64, 64]",ReLU,10,0.2,128,0.705,0.6874125000000001
323,0.0001,2048,0.01,"[256, 128]",Tanh,20,0.3,128,0.705,0.6548125
35,0.0001,512,0.005,"[128, 128]",Tanh,20,0.3,128,0.705,0.646925
438,0.0003,1024,0.005,"[64, 64]",ReLU,20,0.1,128,0.705,0.643775
36,0.0001,512,0.005,"[256, 128]",ReLU,5,0.1,128,0.705,0.6925125
131,0.0001,1024,0.005,"[128, 128]",ReLU,10,0.3,128,0.7,0.6668125
646,0.0003,2048,0.01,"[256, 128]",Tanh,20,0.2,128,0.7,0.6195375
643,0.0003,2048,0.01,"[256, 128]",Tanh,10,0.2,128,0.7,0.6382625000000001
638,0.0003,2048,0.01,"[256, 128]",ReLU,20,0.3,128,0.7,0.6379874999999999
450,0.0003,1024,0.005,"[128, 128]",ReLU,5,0.1,128,0.7,0.6711375
641,0.0003,2048,0.01,"[256, 128]",Tanh,5,0.3,128,0.7,0.6477125000000001
456,0.0003,1024,0.005,"[128, 128]",ReLU,20,0.1,128,0.7,0.624025
463,0.0003,1024,0.005,"[128, 128]",Tanh,10,0.2,128,0.7,0.643025
560,0.0003,2048,0.005,"[128, 128]",ReLU,5,0.3,128,0.7,0.6745
503,0.0003,1024,0.01,"[64, 64]",Tanh,20,0.3,128,0.7,0.6351
213,0.0001,1024,0.01,"[256, 128]",Tanh,20,0.1,128,0.7,0.638325
631,0.0003,2048,0.01,"[256, 128]",ReLU,5,0.2,128,0.7,0.6562125000000001
21,0.0001,512,0.005,"[128, 128]",ReLU,10,0.1,128,0.7,0.6386999999999999
563,0.0003,2048,0.005,"[128, 128]",ReLU,10,0.3,128,0.7,0.6433
192,0.0001,1024,0.01,"[128, 128]",Tanh,10,0.1,128,0.7,0.665925
157,0.0001,1024,0.005,"[256, 128]",Tanh,10,0.2,128,0.7,0.6724000000000001
597,0.0003,2048,0.01,"[64, 64]",ReLU,10,0.1,128,0.7,0.6410625
523,0.0003,1024,0.01,"[256, 128]",ReLU,5,0.2,128,0.7,0.6649375000000001
516,0.0003,1024,0.01,"[128, 128]",Tanh,10,0.1,128,0.7,0.6349250000000001
515,0.0003,1024,0.01,"[128, 128]",Tanh,5,0.3,128,0.7,0.6478125
512,0.0003,1024,0.01,"[128, 128]",ReLU,20,0.3,128,0.7,0.6303125
174,0.0001,1024,0.01,"[64, 64]",Tanh,10,0.1,128,0.7,0.668425
499,0.0003,1024,0.01,"[64, 64]",Tanh,10,0.2,128,0.7,0.6451250000000001
163,0.0001,1024,0.01,"[64, 64]",ReLU,5,0.2,128,0.7,0.6827125
496,0.0003,1024,0.01,"[64, 64]",Tanh,5,0.2,128,0.7,0.6661125
42,0.0001,512,0.005,"[256, 128]",ReLU,20,0.1,128,0.7,0.644325
493,0.0003,1024,0.01,"[64, 64]",ReLU,20,0.2,128,0.7,0.6471375
44,0.0001,512,0.005,"[256, 128]",ReLU,20,0.3,128,0.7,0.664225
209,0.0001,1024,0.01,"[256, 128]",Tanh,5,0.3,128,0.7,0.6626000000000001
51,0.0001,512,0.005,"[256, 128]",Tanh,20,0.1,128,0.7,0.6282875
168,0.0001,1024,0.01,"[64, 64]",ReLU,20,0.1,128,0.7,0.660475
556,0.0003,2048,0.005,"[64, 64]",Tanh,20,0.2,128,0.7,0.63385
266,0.0001,2048,0.005,"[256, 128]",Tanh,10,0.3,128,0.7,0.6745
415,0.0003,512,0.01,"[256, 128]",ReLU,5,0.2,128,0.7,0.67495
308,0.0001,2048,0.01,"[256, 128]",ReLU,5,0.3,128,0.7,0.6832250000000001
313,0.0001,2048,0.01,"[256, 128]",ReLU,20,0.2,128,0.7,0.6458000000000002
418,0.0003,512,0.01,"[256, 128]",ReLU,10,0.2,128,0.7,0.6578375
371,0.0003,512,0.005,"[256, 128]",Tanh,5,0.3,128,0.7,0.6346375000000001
78,0.0001,512,0.01,"[128, 128]",ReLU,20,0.1,128,0.7,0.6511125
259,0.0001,2048,0.005,"[256, 128]",ReLU,20,0.2,128,0.7,0.6612375
378,0.0003,512,0.01,"[64, 64]",ReLU,5,0.1,128,0.7,0.6746500000000001
382,0.0003,512,0.01,"[64, 64]",ReLU,10,0.2,128,0.7,0.650975
395,0.0003,512,0.01,"[64, 64]",Tanh,20,0.3,128,0.7,0.6415625
67,0.0001,512,0.01,"[64, 64]",Tanh,10,0.2,128,0.7,0.6691125
287,0.0001,2048,0.01,"[64, 64]",Tanh,20,0.3,128,0.7,0.6573625
414,0.0003,512,0.01,"[256, 128]",ReLU,5,0.1,128,0.7,0.6534749999999999
360,0.0003,512,0.005,"[256, 128]",ReLU,5,0.1,128,0.7,0.6755125000000001
89,0.0001,512,0.01,"[128, 128]",Tanh,20,0.3,128,0.7,0.6504125
348,0.0003,512,0.005,"[128, 128]",ReLU,20,0.1,128,0.7,0.649075
605,0.0003,2048,0.01,"[64, 64]",Tanh,5,0.3,128,0.695,0.6567375000000001
570,0.0003,2048,0.005,"[128, 128]",Tanh,10,0.1,128,0.695,0.6213625
210,0.0001,1024,0.01,"[256, 128]",Tanh,10,0.1,128,0.695,0.6455375000000001
179,0.0001,1024,0.01,"[64, 64]",Tanh,20,0.3,128,0.695,0.652775
577,0.0003,2048,0.005,"[256, 128]",ReLU,5,0.2,128,0.695,0.666575
579,0.0003,2048,0.005,"[256, 128]",ReLU,10,0.1,128,0.695,0.6264375000000001
77,0.0001,512,0.01,"[128, 128]",ReLU,10,0.3,128,0.695,0.67305
181,0.0001,1024,0.01,"[128, 128]",ReLU,5,0.2,128,0.695,0.6814125000000001
404,0.0003,512,0.01,"[128, 128]",ReLU,20,0.3,128,0.695,0.6328875
592,0.0003,2048,0.005,"[256, 128]",Tanh,20,0.2,128,0.695,0.63615
518,0.0003,1024,0.01,"[128, 128]",Tanh,10,0.3,128,0.695,0.6365375
139,0.0001,1024,0.005,"[128, 128]",Tanh,10,0.2,128,0.695,0.6499625
322,0.0001,2048,0.01,"[256, 128]",Tanh,20,0.2,128,0.695,0.6503125
185,0.0001,1024,0.01,"[128, 128]",ReLU,10,0.3,128,0.695,0.6613875
384,0.0003,512,0.01,"[64, 64]",ReLU,20,0.1,128,0.695,0.6412875
110,0.0001,1024,0.005,"[64, 64]",ReLU,5,0.3,128,0.695,0.6783125000000001
585,0.0003,2048,0.005,"[256, 128]",Tanh,5,0.1,128,0.695,0.6428125
568,0.0003,2048,0.005,"[128, 128]",Tanh,5,0.2,128,0.695,0.6634875
498,0.0003,1024,0.01,"[64, 64]",Tanh,10,0.1,128,0.695,0.6342125000000001
481,0.0003,1024,0.005,"[256, 128]",Tanh,10,0.2,128,0.695,0.6202374999999999
86,0.0001,512,0.01,"[128, 128]",Tanh,10,0.3,128,0.695,0.62675
66,0.0001,512,0.01,"[64, 64]",Tanh,10,0.1,128,0.695,0.62165
455,0.0003,1024,0.005,"[128, 128]",ReLU,10,0.3,128,0.695,0.6387
290,0.0001,2048,0.01,"[128, 128]",ReLU,5,0.3,128,0.695,0.6775625000000001
366,0.0003,512,0.005,"[256, 128]",ReLU,20,0.1,128,0.695,0.63075
59,0.0001,512,0.01,"[64, 64]",ReLU,10,0.3,128,0.695,0.6634
297,0.0001,2048,0.01,"[128, 128]",Tanh,5,0.1,128,0.695,0.6557000000000001
57,0.0001,512,0.01,"[64, 64]",ReLU,10,0.1,128,0.695,0.677775
354,0.0003,512,0.005,"[128, 128]",Tanh,10,0.1,128,0.695,0.6462
50,0.0001,512,0.005,"[256, 128]",Tanh,10,0.3,128,0.695,0.6783625000000001
30,0.0001,512,0.005,"[128, 128]",Tanh,10,0.1,128,0.695,0.6376125
176,0.0001,1024,0.01,"[64, 64]",Tanh,10,0.3,128,0.695,0.6372875
342,0.0003,512,0.005,"[128, 128]",ReLU,5,0.1,128,0.695,0.6550625
340,0.0003,512,0.005,"[64, 64]",Tanh,20,0.2,128,0.695,0.6403375
614,0.0003,2048,0.01,"[128, 128]",ReLU,5,0.3,128,0.695,0.66445
510,0.0003,1024,0.01,"[128, 128]",ReLU,20,0.1,128,0.695,0.6291
72,0.0001,512,0.01,"[128, 128]",ReLU,5,0.1,128,0.695,0.677575
380,0.0003,512,0.01,"[64, 64]",ReLU,5,0.3,128,0.69,0.6771125000000001
25,0.0001,512,0.005,"[128, 128]",ReLU,20,0.2,128,0.69,0.648225
349,0.0003,512,0.005,"[128, 128]",ReLU,20,0.2,128,0.69,0.6252625
91,0.0001,512,0.01,"[256, 128]",ReLU,5,0.2,128,0.69,0.6750125
200,0.0001,1024,0.01,"[256, 128]",ReLU,5,0.3,128,0.69,0.6673375
526,0.0003,1024,0.01,"[256, 128]",ReLU,10,0.2,128,0.69,0.6198125
521,0.0003,1024,0.01,"[128, 128]",Tanh,20,0.3,128,0.69,0.6211
584,0.0003,2048,0.005,"[256, 128]",ReLU,20,0.3,128,0.69,0.6318375
544,0.0003,2048,0.005,"[64, 64]",ReLU,10,0.2,128,0.69,0.6348125
389,0.0003,512,0.01,"[64, 64]",Tanh,5,0.3,128,0.69,0.6612250000000001
519,0.0003,1024,0.01,"[128, 128]",Tanh,20,0.1,128,0.69,0.6194
195,0.0001,1024,0.01,"[128, 128]",Tanh,20,0.1,128,0.69,0.620575
38,0.0001,512,0.005,"[256, 128]",ReLU,5,0.3,128,0.69,0.6712
159,0.0001,1024,0.005,"[256, 128]",Tanh,20,0.1,128,0.69,0.6203749999999999
127,0.0001,1024,0.005,"[128, 128]",ReLU,5,0.2,128,0.69,0.67305
451,0.0003,1024,0.005,"[128, 128]",ReLU,5,0.2,128,0.69,0.6542125
286,0.0001,2048,0.01,"[64, 64]",Tanh,20,0.2,128,0.69,0.6475375000000001
167,0.0001,1024,0.01,"[64, 64]",ReLU,10,0.3,128,0.69,0.6718500000000001
625,0.0003,2048,0.01,"[128, 128]",Tanh,10,0.2,128,0.69,0.6248750000000001
298,0.0001,2048,0.01,"[128, 128]",Tanh,5,0.2,128,0.69,0.627525
216,0.0001,2048,0.005,"[64, 64]",ReLU,5,0.1,128,0.69,0.623025
307,0.0001,2048,0.01,"[256, 128]",ReLU,5,0.2,128,0.69,0.677075
615,0.0003,2048,0.01,"[128, 128]",ReLU,10,0.1,128,0.69,0.62505
421,0.0003,512,0.01,"[256, 128]",ReLU,20,0.2,128,0.69,0.6139125
587,0.0003,2048,0.005,"[256, 128]",Tanh,5,0.3,128,0.69,0.6355625
160,0.0001,1024,0.005,"[256, 128]",Tanh,20,0.2,128,0.69,0.6534125000000001
75,0.0001,512,0.01,"[128, 128]",ReLU,10,0.1,128,0.69,0.6619749999999999
257,0.0001,2048,0.005,"[256, 128]",ReLU,10,0.3,128,0.69,0.6641750000000002
486,0.0003,1024,0.01,"[64, 64]",ReLU,5,0.1,128,0.69,0.6692500000000001
604,0.0003,2048,0.01,"[64, 64]",Tanh,5,0.2,128,0.69,0.6536875000000001
505,0.0003,1024,0.01,"[128, 128]",ReLU,5,0.2,128,0.69,0.6488375000000001
397,0.0003,512,0.01,"[128, 128]",ReLU,5,0.2,128,0.69,0.6608375000000001
320,0.0001,2048,0.01,"[256, 128]",Tanh,10,0.3,128,0.69,0.647525
361,0.0003,512,0.005,"[256, 128]",ReLU,5,0.2,128,0.69,0.6630750000000001
256,0.0001,2048,0.005,"[256, 128]",ReLU,10,0.2,128,0.69,0.6730750000000001
314,0.0001,2048,0.01,"[256, 128]",ReLU,20,0.3,128,0.69,0.6445375
319,0.0001,2048,0.01,"[256, 128]",Tanh,10,0.2,128,0.685,0.6559999999999999
302,0.0001,2048,0.01,"[128, 128]",Tanh,10,0.3,128,0.685,0.643925
596,0.0003,2048,0.01,"[64, 64]",ReLU,5,0.3,128,0.685,0.661825
137,0.0001,1024,0.005,"[128, 128]",Tanh,5,0.3,128,0.685,0.6409
551,0.0003,2048,0.005,"[64, 64]",Tanh,5,0.3,128,0.685,0.6512749999999999
247,0.0001,2048,0.005,"[128, 128]",Tanh,10,0.2,128,0.685,0.641025
343,0.0003,512,0.005,"[128, 128]",ReLU,5,0.2,128,0.685,0.654625
291,0.0001,2048,0.01,"[128, 128]",ReLU,10,0.1,128,0.685,0.6626625
6,0.0001,512,0.005,"[64, 64]",ReLU,20,0.1,128,0.685,0.6630250000000001
588,0.0003,2048,0.005,"[256, 128]",Tanh,10,0.1,128,0.685,0.6183
335,0.0003,512,0.005,"[64, 64]",Tanh,5,0.3,128,0.685,0.6469125000000001
23,0.0001,512,0.005,"[128, 128]",ReLU,10,0.3,128,0.685,0.6625875000000001
180,0.0001,1024,0.01,"[128, 128]",ReLU,5,0.1,128,0.685,0.6707875
447,0.0003,1024,0.005,"[64, 64]",Tanh,20,0.1,128,0.685,0.6180875
467,0.0003,1024,0.005,"[128, 128]",Tanh,20,0.3,128,0.685,0.60905
387,0.0003,512,0.01,"[64, 64]",Tanh,5,0.1,128,0.685,0.6611374999999999
52,0.0001,512,0.005,"[256, 128]",Tanh,20,0.2,128,0.685,0.6312250000000001
545,0.0003,2048,0.005,"[64, 64]",ReLU,10,0.3,128,0.685,0.65315
475,0.0003,1024,0.005,"[256, 128]",ReLU,20,0.2,128,0.685,0.6288624999999999
152,0.0001,1024,0.005,"[256, 128]",ReLU,20,0.3,128,0.685,0.631875
151,0.0001,1024,0.005,"[256, 128]",ReLU,20,0.2,128,0.685,0.6342625
469,0.0003,1024,0.005,"[256, 128]",ReLU,5,0.2,128,0.685,0.6535
461,0.0003,1024,0.005,"[128, 128]",Tanh,5,0.3,128,0.685,0.6475874999999999
149,0.0001,1024,0.005,"[256, 128]",ReLU,10,0.3,128,0.68,0.6623500000000001
483,0.0003,1024,0.005,"[256, 128]",Tanh,20,0.1,128,0.68,0.6177
147,0.0001,1024,0.005,"[256, 128]",ReLU,10,0.1,128,0.68,0.6458499999999999
383,0.0003,512,0.01,"[64, 64]",ReLU,10,0.3,128,0.68,0.6402625000000001
254,0.0001,2048,0.005,"[256, 128]",ReLU,5,0.3,128,0.68,0.6632750000000002
184,0.0001,1024,0.01,"[128, 128]",ReLU,10,0.2,128,0.68,0.6619250000000001
442,0.0003,1024,0.005,"[64, 64]",Tanh,5,0.2,128,0.68,0.6313375
113,0.0001,1024,0.005,"[64, 64]",ReLU,10,0.3,128,0.68,0.6688875000000002
115,0.0001,1024,0.005,"[64, 64]",ReLU,20,0.2,128,0.68,0.6525250000000001
492,0.0003,1024,0.01,"[64, 64]",ReLU,20,0.1,128,0.68,0.62875
439,0.0003,1024,0.005,"[64, 64]",ReLU,20,0.2,128,0.68,0.62025
5,0.0001,512,0.005,"[64, 64]",ReLU,10,0.3,128,0.68,0.6387875000000001
49,0.0001,512,0.005,"[256, 128]",Tanh,10,0.2,128,0.68,0.6502500000000001
236,0.0001,2048,0.005,"[128, 128]",ReLU,5,0.3,128,0.68,0.61055
148,0.0001,1024,0.005,"[256, 128]",ReLU,10,0.2,128,0.68,0.6554875
488,0.0003,1024,0.01,"[64, 64]",ReLU,5,0.3,128,0.68,0.6284375000000001
562,0.0003,2048,0.005,"[128, 128]",ReLU,10,0.2,128,0.68,0.6047625000000001
622,0.0003,2048,0.01,"[128, 128]",Tanh,5,0.2,128,0.68,0.6263124999999999
217,0.0001,2048,0.005,"[64, 64]",ReLU,5,0.2,128,0.68,0.6679875000000002
369,0.0003,512,0.005,"[256, 128]",Tanh,5,0.1,128,0.68,0.6487625
644,0.0003,2048,0.01,"[256, 128]",Tanh,10,0.3,128,0.68,0.6137375
370,0.0003,512,0.005,"[256, 128]",Tanh,5,0.2,128,0.68,0.6303625
341,0.0003,512,0.005,"[64, 64]",Tanh,20,0.3,128,0.68,0.6234000000000001
347,0.0003,512,0.005,"[128, 128]",ReLU,10,0.3,128,0.68,0.6304875000000001
24,0.0001,512,0.005,"[128, 128]",ReLU,20,0.1,128,0.675,0.6478625000000001
446,0.0003,1024,0.005,"[64, 64]",Tanh,10,0.3,128,0.675,0.6213250000000001
211,0.0001,1024,0.01,"[256, 128]",Tanh,10,0.2,128,0.675,0.6295000000000001
443,0.0003,1024,0.005,"[64, 64]",Tanh,5,0.3,128,0.675,0.6518875
375,0.0003,512,0.005,"[256, 128]",Tanh,20,0.1,128,0.675,0.6159
594,0.0003,2048,0.01,"[64, 64]",ReLU,5,0.1,128,0.675,0.6607124999999999
500,0.0003,1024,0.01,"[64, 64]",Tanh,10,0.3,128,0.675,0.6431874999999999
337,0.0003,512,0.005,"[64, 64]",Tanh,10,0.2,128,0.675,0.6186250000000001
572,0.0003,2048,0.005,"[128, 128]",Tanh,10,0.3,128,0.675,0.6169500000000001
377,0.0003,512,0.005,"[256, 128]",Tanh,20,0.3,128,0.675,0.6270375
122,0.0001,1024,0.005,"[64, 64]",Tanh,10,0.3,128,0.675,0.6452500000000001
617,0.0003,2048,0.01,"[128, 128]",ReLU,10,0.3,128,0.675,0.6172375
215,0.0001,1024,0.01,"[256, 128]",Tanh,20,0.3,128,0.675,0.6009
581,0.0003,2048,0.005,"[256, 128]",ReLU,10,0.3,128,0.675,0.612025
202,0.0001,1024,0.01,"[256, 128]",ReLU,10,0.2,128,0.675,0.616825
274,0.0001,2048,0.01,"[64, 64]",ReLU,10,0.2,128,0.675,0.647075
242,0.0001,2048,0.005,"[128, 128]",ReLU,20,0.3,128,0.675,0.624325
425,0.0003,512,0.01,"[256, 128]",Tanh,5,0.3,128,0.67,0.6290250000000001
311,0.0001,2048,0.01,"[256, 128]",ReLU,10,0.3,128,0.67,0.6368375
633,0.0003,2048,0.01,"[256, 128]",ReLU,10,0.1,128,0.67,0.6031749999999999
70,0.0001,512,0.01,"[64, 64]",Tanh,20,0.2,128,0.67,0.6189375
305,0.0001,2048,0.01,"[128, 128]",Tanh,20,0.3,128,0.67,0.6228375
0,0.0001,512,0.005,"[64, 64]",ReLU,5,0.1,128,0.67,0.6534875
487,0.0003,1024,0.01,"[64, 64]",ReLU,5,0.2,128,0.67,0.6508625000000001
407,0.0003,512,0.01,"[128, 128]",Tanh,5,0.3,128,0.67,0.6217750000000001
578,0.0003,2048,0.005,"[256, 128]",ReLU,5,0.3,128,0.67,0.6105125
85,0.0001,512,0.01,"[128, 128]",Tanh,10,0.2,128,0.67,0.6248
235,0.0001,2048,0.005,"[128, 128]",ReLU,5,0.2,128,0.67,0.623025
81,0.0001,512,0.01,"[128, 128]",Tanh,5,0.1,128,0.67,0.6331
316,0.0001,2048,0.01,"[256, 128]",Tanh,5,0.2,128,0.67,0.6167
490,0.0003,1024,0.01,"[64, 64]",ReLU,10,0.2,128,0.67,0.6267125
69,0.0001,512,0.01,"[64, 64]",Tanh,20,0.1,128,0.67,0.612325
61,0.0001,512,0.01,"[64, 64]",ReLU,20,0.2,128,0.665,0.62725
225,0.0001,2048,0.005,"[64, 64]",Tanh,5,0.1,128,0.665,0.6097125
471,0.0003,1024,0.005,"[256, 128]",ReLU,10,0.1,128,0.665,0.6005
315,0.0001,2048,0.01,"[256, 128]",Tanh,5,0.1,128,0.665,0.6261
240,0.0001,2048,0.005,"[128, 128]",ReLU,20,0.1,128,0.665,0.6205625
251,0.0001,2048,0.005,"[128, 128]",Tanh,20,0.3,128,0.665,0.615075
155,0.0001,1024,0.005,"[256, 128]",Tanh,5,0.3,128,0.665,0.6329
17,0.0001,512,0.005,"[64, 64]",Tanh,20,0.3,128,0.665,0.6260625000000001
338,0.0003,512,0.005,"[64, 64]",Tanh,10,0.3,128,0.665,0.615425
434,0.0003,1024,0.005,"[64, 64]",ReLU,5,0.3,128,0.66,0.6386375000000001
125,0.0001,1024,0.005,"[64, 64]",Tanh,20,0.3,128,0.66,0.6176750000000001
233,0.0001,2048,0.005,"[64, 64]",Tanh,20,0.3,128,0.66,0.6331500000000001
494,0.0003,1024,0.01,"[64, 64]",ReLU,20,0.3,128,0.66,0.616275
18,0.0001,512,0.005,"[128, 128]",ReLU,5,0.1,128,0.66,0.6204124999999999
611,0.0003,2048,0.01,"[64, 64]",Tanh,20,0.3,128,0.66,0.6039
288,0.0001,2048,0.01,"[128, 128]",ReLU,5,0.1,128,0.655,0.603975
153,0.0001,1024,0.005,"[256, 128]",Tanh,5,0.1,128,0.655,0.6149000000000001
293,0.0001,2048,0.01,"[128, 128]",ReLU,10,0.3,128,0.655,0.5802125000000001
201,0.0001,1024,0.01,"[256, 128]",ReLU,10,0.1,128,0.655,0.63445
245,0.0001,2048,0.005,"[128, 128]",Tanh,5,0.3,128,0.655,0.6015999999999999
262,0.0001,2048,0.005,"[256, 128]",Tanh,5,0.2,128,0.655,0.6233625
379,0.0003,512,0.01,"[64, 64]",ReLU,5,0.2,128,0.65,0.6314375000000001
640,0.0003,2048,0.01,"[256, 128]",Tanh,5,0.2,128,0.645,0.5927875
118,0.0001,1024,0.005,"[64, 64]",Tanh,5,0.2,128,0.645,0.605625
598,0.0003,2048,0.01,"[64, 64]",ReLU,10,0.2,128,0.645,0.60875
310,0.0001,2048,0.01,"[256, 128]",ReLU,10,0.2,128,0.645,0.6216375
119,0.0001,1024,0.005,"[64, 64]",Tanh,5,0.3,128,0.645,0.605625
362,0.0003,512,0.005,"[256, 128]",ReLU,5,0.3,128,0.645,0.6205250000000001
232,0.0001,2048,0.005,"[64, 64]",Tanh,20,0.2,128,0.635,0.5912125
117,0.0001,1024,0.005,"[64, 64]",Tanh,5,0.1,128,0.63,0.5909375
82,0.0001,512,0.01,"[128, 128]",Tanh,5,0.2,128,0.625,0.5875375
83,0.0001,512,0.01,"[128, 128]",Tanh,5,0.3,128,0.625,0.5875375
429,0.0003,512,0.01,"[256, 128]",Tanh,20,0.1,128,0.62,0.5638749999999999
